Gender,FullName,PersonID,FaxNumber,DateOfBirth,PhoneNumber,EmailAddress,PreferredName,driver_age,driver_age_group
Female,Agrita Abele,1,(415) 555-0103,1957-12-19,(415) 555-0102,agrita@example.com,Agrita,67,60+
Female,Kayla Woodcock,2,(415) 555-0103,1989-01-25,(415) 555-0102,kaylaw@wideworldimporters.com,Kayla,35,30-45
Male,Hudson Onslow,3,(415) 555-0103,1995-11-09,(415) 555-0102,hudsono@wideworldimporters.com,Hudson,29,<30
Female,Isabella Rupp,4,(415) 555-0103,1983-06-09,(415) 555-0102,isabellar@wideworldimporters.com,Isabella,41,30-45
Female,Eva Muirden,5,(415) 555-0103,1991-05-23,(415) 555-0102,evam@wideworldimporters.com,Eva,33,30-45
Female,Sophia Hinton,6,(415) 555-0103,1993-02-03,(415) 555-0102,sophiah@wideworldimporters.com,Sophia,31,30-45
Female,Amy Trefl,7,(415) 555-0103,1990-05-20,(415) 555-0102,amyt@wideworldimporters.com,Amy,34,30-45
Female,Anthony Grosse,8,(415) 555-0103,1961-02-14,(415) 555-0102,anthonyg@wideworldimporters.com,Anthony,63,60+
Female,Alica Fatnowna,9,(415) 555-0103,1993-06-14,(415) 555-0102,alicaf@wideworldimporters.com,Alica,31,30-45
Female,Stella Rosenhain,10,(415) 555-0103,1988-09-29,(415) 555-0102,stellar@wideworldimporters.com,Stella,36,30-45
Male,Ethan Onslow,11,(415) 555-0103,1997-03-18,(415) 555-0102,ethano@wideworldimporters.com,Ethan,27,<30
Male,Henry Forlonge,12,(415) 555-0103,1950-03-11,(415) 555-0102,henryf@wideworldimporters.com,Henry,74,60+
Male,Hudson Hollinworth,13,(415) 555-0103,1972-06-15,(415) 555-0102,hudsonh@wideworldimporters.com,Hudson,52,45-60
Female,Lily Code,14,(415) 555-0103,1957-05-17,(415) 555-0102,lilyc@wideworldimporters.com,Lily,67,60+
Male,Taj Shand,15,(415) 555-0103,1978-10-24,(415) 555-0102,tajs@wideworldimporters.com,Taj,46,45-60
Male,Archer Lamble,16,(415) 555-0103,1969-12-12,(415) 555-0102,archerl@wideworldimporters.com,Archer,55,45-60
Male,Piper Koch,17,(415) 555-0103,1954-11-08,(415) 555-0102,piperk@wideworldimporters.com,Piper,70,60+
Female,Katie Darwin,18,(415) 555-0103,1960-06-16,(415) 555-0102,katied@wideworldimporters.com,Katie,64,60+
Female,Jai Shand,19,(415) 555-0103,1981-05-02,(415) 555-0102,jais@wideworldimporters.com,Jai,43,30-45
Male,Jack Potter,20,(415) 555-0103,1955-12-27,(415) 555-0102,jackp@wideworldimporters.com,Jack,69,60+
Male,Reio Kabin,21,(847) 555-0101,1958-08-15,(847) 555-0100,reio@adatum.com,Reio,66,60+
Male,Oliver Kivi,22,(847) 555-0101,1987-01-10,(847) 555-0100,olly@adatum.com,Olly,37,30-45
Female,Hanna Mihhailov,23,(360) 555-0101,1967-03-08,(360) 555-0100,hannam@Contoso Motors.com,Hanna,57,45-60
Female,Paulus Lippmaa,24,(360) 555-0101,1993-07-29,(360) 555-0100,paulusl@Contoso Motors.com,Paulus,31,30-45
Female,Kerstin Parn,25,(415) 555-0101,1981-03-29,(415) 555-0100,kerstin@consolidatedmessenger.com,Kerstin,43,30-45
Female,Helen Ahven,26,(415) 555-0101,1980-02-28,(415) 555-0100,helen@consolidatedmessenger.com,Helen,44,30-45
Female,Bill Lawson,27,(203) 555-0107,1980-04-27,(203) 555-0107,billl@fabrikam.com,Bill,44,30-45
Female,Helen Moore,28,(203) 555-0107,1991-12-05,(203) 555-0104,helenm@fabrikam.com,Helen,33,30-45
Female,Penny Buck,29,(406) 555-0109,1961-10-09,(406) 555-0107,pennyb@graphicdesigninstitute.com,Penny,63,60+
Female,Donna Smith,30,(406) 555-0109,1979-01-18,(406) 555-0101,donnas@graphicdesigninstitute.com,Donna,45,45-60
Female,Annette Talon,32,(423) 555-0100,1973-09-03,(423) 555-0106,annettet@humongousinsurance.com,Annette,51,45-60
Female,Elias Myllari,33,(209) 555-0106,1992-09-24,(209) 555-0101,eliasm@litwareinc.com,Elias,32,30-45
Female,Vilma Niva,34,(209) 555-0106,1963-03-31,(209) 555-0103,vilman@litwareinc.com,Vilma,61,60+
Female,Prem Prabhu,35,(423) 555-0108,1965-05-19,(423) 555-0102,premp@lucernepublishing.com,Prem,59,45-60
Female,Sunita Jadhav,36,(423) 555-0108,1990-01-19,(423) 555-0101,sunitaj@lucernepublishing.com,Sunita,34,30-45
Female,Marcos Costa,37,(252) 555-0101,1960-12-13,(252) 555-0106,marcosc@nodpublishers.com,Marcos,64,60+
Female,Matheus Oliveira,38,(252) 555-0101,1951-06-22,(252) 555-0107,matheuso@nodpublishers.com,Matheus,73,60+
Female,Eliza Soderberg,39,(201) 555-0106,1973-04-11,(201) 555-0101,elizas@northwindelectriccars.com,Eliza,51,45-60
Female,Sara Karlsson,40,(201) 555-0106,1961-04-07,(201) 555-0100,sarak@northwindelectriccars.com,Sara,63,60+
Female,Donald Jones,41,(605) 555-0101,1990-03-05,(605) 555-0101,donaldj@treyresearch.net,Donald,34,30-45
Female,Sharon Graham,42,(605) 555-0101,1978-08-18,(605) 555-0106,sharong@treyresearch.net,Sharon,46,45-60
Female,Hai Dam,43,(218) 555-0108,1964-08-10,(218) 555-0101,haid@thephone-company.com,Hai,60,60+
Female,Thanh Dinh,44,(218) 555-0108,1959-06-11,(218) 555-0104,thanhd@thephone-company.com,Thanh,65,60+
Female,Hubert Helms,45,(415) 555-0104,1964-08-19,(415) 555-0103,huberth@woodgrovebank.com,Hubert,60,60+
Female,Donald Small,46,(415) 555-0104,1998-02-08,(415) 555-0105,donalds@woodgrovebank.com,Donald,26,<30
Female,Waldemar Fisar,47,(308) 555-0101,1952-01-23,(308) 555-0100,waldemar@tailspintoys.com,Waldemar,72,60+
Female,Laimonis Berzins,48,(308) 555-0101,1964-03-26,(308) 555-0100,laimonis@tailspintoys.com,Laimonis,60,60+
Female,Lorena Cindric,49,(406) 555-0101,1960-12-10,(406) 555-0100,lorena@tailspintoys.com,Lorena,64,60+
Female,Hung Van Groesen,50,(406) 555-0101,1976-05-16,(406) 555-0100,hung@tailspintoys.com,Hung,48,45-60
Female,Bhaargav Rambhatla,51,(480) 555-0101,1983-03-18,(480) 555-0100,bhaargav@tailspintoys.com,Bhaargav,41,30-45
Female,Mudar Jevtic,52,(480) 555-0101,1997-10-27,(480) 555-0100,mudar@tailspintoys.com,Mudar,27,<30
Female,Daniel Roman,53,(316) 555-0101,1989-03-17,(316) 555-0100,daniel@tailspintoys.com,Daniel,35,30-45
Female,Leyla Radnia,54,(316) 555-0101,1974-05-12,(316) 555-0100,leyla@tailspintoys.com,Leyla,50,45-60
Female,Johanna Huiting,55,(212) 555-0101,1995-06-27,(212) 555-0100,johanna@tailspintoys.com,Johanna,29,<30
Female,Robert Ruutli,56,(212) 555-0101,1972-08-22,(212) 555-0100,robert@tailspintoys.com,Robert,52,45-60
Female,Biswajeet Thakur,57,(701) 555-0101,1982-04-29,(701) 555-0100,biswajeet@tailspintoys.com,Biswajeet,42,30-45
Female,Radha Shah,58,(701) 555-0101,1980-07-31,(701) 555-0100,radha@tailspintoys.com,Radha,44,30-45
Female,Kalidas Nadar,59,(423) 555-0101,1978-12-13,(423) 555-0100,kalidas@tailspintoys.com,Kalidas,46,45-60
Female,Filip Nedvidek,60,(423) 555-0101,1979-10-30,(423) 555-0100,filip@tailspintoys.com,Filip,45,45-60
Female,Kanti Kotadia,61,(303) 555-0101,1967-05-23,(303) 555-0100,kanti@tailspintoys.com,Kanti,57,45-60
Female,Hoa Cu,62,(303) 555-0101,1976-04-29,(303) 555-0100,hoa@tailspintoys.com,Hoa,48,45-60
Female,Sointu Aalto,63,(201) 555-0101,1991-03-26,(201) 555-0100,sointu@tailspintoys.com,Sointu,33,30-45
Female,Jae-Gon Min,64,(201) 555-0101,1977-07-21,(201) 555-0100,jae-gon@tailspintoys.com,Jae-Gon,47,45-60
Female,Paula Matos,66,(701) 555-0101,1977-01-23,(701) 555-0100,paula@tailspintoys.com,Paula,47,45-60
Female,Elnaz Javan,67,(215) 555-0101,1974-06-06,(215) 555-0100,elnaz@tailspintoys.com,Elnaz,50,45-60
Female,Jayashish Ghatak,68,(215) 555-0101,1972-11-09,(215) 555-0100,jayashish@tailspintoys.com,Jayashish,52,45-60
Female,Heloisa Fernandes,69,(218) 555-0101,1956-01-02,(218) 555-0100,heloisa@tailspintoys.com,Heloisa,68,60+
Female,Amornrat Rattanaporn,70,(218) 555-0101,1988-07-17,(218) 555-0100,amornrat@tailspintoys.com,Amornrat,36,30-45
Female,Razeena Hosseini,71,(217) 555-0101,1955-12-02,(217) 555-0100,razeena@tailspintoys.com,Razeena,69,60+
Female,Leticia Ribeiro,72,(217) 555-0101,1997-09-20,(217) 555-0100,leticia@tailspintoys.com,Leticia,27,<30
Female,Tereza Valentova,73,(240) 555-0101,1984-03-14,(240) 555-0100,tereza@tailspintoys.com,Tereza,40,30-45
Female,Brijesh Ganguly,74,(240) 555-0101,1986-08-02,(240) 555-0100,brijesh@tailspintoys.com,Brijesh,38,30-45
Female,Filips Jaunzems,75,(210) 555-0101,1959-09-06,(210) 555-0100,filips@tailspintoys.com,Filips,65,60+
Female,Bharati Bhowmick,76,(210) 555-0101,1956-11-10,(210) 555-0100,bharati@tailspintoys.com,Bharati,68,60+
Female,Nitin Matondkar,77,(314) 555-0101,1953-08-14,(314) 555-0100,nitin@tailspintoys.com,Nitin,71,60+
Female,Joy Dutta,78,(314) 555-0101,1976-05-04,(314) 555-0100,joy@tailspintoys.com,Joy,48,45-60
Female,Adam Kubat,79,(216) 555-0101,1986-09-18,(216) 555-0100,adam@tailspintoys.com,Adam,38,30-45
Female,Gulzar Naidu,80,(216) 555-0101,1976-03-04,(216) 555-0100,gulzar@tailspintoys.com,Gulzar,48,45-60
Female,Rohan Kumar,81,(603) 555-0101,1979-03-03,(603) 555-0100,rohank@contosomotors.com,Rohan,45,45-60
Female,Prakash Sarma,82,(603) 555-0101,1975-11-30,(603) 555-0100,prakash@tailspintoys.com,Prakash,49,45-60
Female,Mithun Bhattacharya,83,(907) 555-0101,1976-05-01,(907) 555-0100,mithun@tailspintoys.com,Mithun,48,45-60
Female,Sandhya Raju,84,(907) 555-0101,1969-01-17,(907) 555-0100,sandhya@tailspintoys.com,Sandhya,55,45-60
Female,Shreya Verma,85,(206) 555-0101,1983-02-14,(206) 555-0100,shreyav@contosomotors.com,Shreya,41,30-45
Female,Ravindra Parkar,86,(206) 555-0101,1977-03-23,(206) 555-0100,ravindra@tailspintoys.com,Ravindra,47,45-60
Female,Duleep Raju,87,(215) 555-0101,1993-10-18,(215) 555-0100,duleep@tailspintoys.com,Duleep,31,30-45
Female,Vlatka Duvnjak,88,(215) 555-0101,1978-12-21,(215) 555-0100,vlatka@tailspintoys.com,Vlatka,46,45-60
Female,Cristina Longo,89,(239) 555-0101,1950-07-21,(239) 555-0100,cristina@tailspintoys.com,Cristina,74,60+
Female,Antonio Lucchese,90,(239) 555-0101,1958-06-29,(239) 555-0100,antonio@tailspintoys.com,Antonio,66,60+
Female,Hang Tang,91,(907) 555-0101,1991-11-23,(907) 555-0100,hang@tailspintoys.com,Hang,33,30-45
Female,Hong Ang,92,(907) 555-0101,1966-09-15,(907) 555-0100,hong@tailspintoys.com,Hong,58,45-60
Female,Intira Mookjai,93,(252) 555-0101,1962-12-25,(252) 555-0100,intira@tailspintoys.com,Intira,62,60+
Female,Young-Tae Kim,94,(252) 555-0101,1965-03-14,(252) 555-0100,young-tae@tailspintoys.com,Young-Tae,59,45-60
Female,Sulabha Khalsa,95,(209) 555-0101,1950-09-24,(209) 555-0100,sulabha@tailspintoys.com,Sulabha,74,60+
Female,Alessandro Milano,96,(209) 555-0101,1952-02-17,(209) 555-0100,alessandro@tailspintoys.com,Alessandro,72,60+
Female,Dhanishta Majji,97,(319) 555-0101,1962-04-28,(319) 555-0100,dhanishta@tailspintoys.com,Dhanishta,62,60+
Female,Nils Podnieks,98,(319) 555-0101,1979-01-06,(319) 555-0100,nils@tailspintoys.com,Nils,45,45-60
Female,Paula Gonzales,99,(218) 555-0101,1981-08-17,(218) 555-0100,paula@tailspintoys.com,Paula,43,30-45
Female,Chetana Dewangan,100,(218) 555-0101,1987-01-11,(218) 555-0100,chetana@tailspintoys.com,Chetana,37,30-45
Female,Tatjana Utjesenovic,101,(212) 555-0101,1976-05-09,(212) 555-0100,tatjana@tailspintoys.com,Tatjana,48,45-60
Female,Theresa Boose,102,(212) 555-0101,1995-08-04,(212) 555-0100,theresa@tailspintoys.com,Theresa,29,<30
Female,Karel Hanak,103,(205) 555-0101,1958-05-23,(205) 555-0100,karel@tailspintoys.com,Karel,66,60+
Female,Fernanda Fierro,104,(205) 555-0101,1986-02-01,(205) 555-0100,fernanda@tailspintoys.com,Fernanda,38,30-45
Female,Odessa Schneider,105,(206) 555-0101,1987-11-01,(206) 555-0100,odessa@tailspintoys.com,Odessa,37,30-45
Female,Konrads Sprogis,106,(206) 555-0101,1978-05-08,(206) 555-0100,konrads@tailspintoys.com,Konrads,46,45-60
Female,Kimberly Pace,107,(206) 555-0101,1969-03-23,(206) 555-0100,kimberly@tailspintoys.com,Kimberly,55,45-60
Female,Shobha Gupta,108,(206) 555-0101,1993-05-13,(206) 555-0100,shobha@tailspintoys.com,Shobha,31,30-45
Female,Nikolajs Kalejs,109,(210) 555-0101,1987-07-24,(210) 555-0100,nikolajs@tailspintoys.com,Nikolajs,37,30-45
Female,Philippe Lamy,110,(210) 555-0101,1951-05-11,(210) 555-0100,philippe@tailspintoys.com,Philippe,73,60+
Female,Haasini Rai,111,(803) 555-0101,1991-04-26,(803) 555-0100,haasini@tailspintoys.com,Haasini,33,30-45
Female,Viktorie Melicharova,112,(803) 555-0101,1992-08-22,(803) 555-0100,viktorie@tailspintoys.com,Viktorie,32,30-45
Female,Anjali Asthana,113,(210) 555-0101,1975-04-11,(210) 555-0100,anjali@tailspintoys.com,Anjali,49,45-60
Female,Hanuman Negi,114,(210) 555-0101,1950-03-07,(210) 555-0100,hanuman@tailspintoys.com,Hanuman,74,60+
Female,Shah Omidi,115,(304) 555-0101,1975-11-20,(304) 555-0100,shah@tailspintoys.com,Shah,49,45-60
Female,Chandra Mittal,116,(304) 555-0101,1995-05-20,(304) 555-0100,chandra@tailspintoys.com,Chandra,29,<30
Female,Ferhat Celik,117,(270) 555-0101,1985-11-30,(270) 555-0100,ferhat@tailspintoys.com,Ferhat,39,30-45
Female,Leyla Celik,118,(270) 555-0101,1996-05-03,(270) 555-0100,leyla@tailspintoys.com,Leyla,28,<30
Female,Dayarama Kamei,119,(458) 555-0101,1993-04-07,(458) 555-0100,dayarama@tailspintoys.com,Dayarama,31,30-45
Female,Elisabeth Flamand,120,(458) 555-0101,1959-01-27,(458) 555-0100,elisabeth@tailspintoys.com,Elisabeth,65,60+
Female,Nils Kalnins,121,(314) 555-0101,1988-12-06,(314) 555-0100,nils@tailspintoys.com,Nils,36,30-45
Female,Rajiv Kotadia,122,(314) 555-0101,1976-12-30,(314) 555-0100,rajiv@tailspintoys.com,Rajiv,48,45-60
Female,Ashish Acharya,123,(270) 555-0101,1995-07-11,(270) 555-0100,ashish@tailspintoys.com,Ashish,29,<30
Female,Filip Sedlar,124,(270) 555-0101,1963-05-20,(270) 555-0100,filip@tailspintoys.com,Filip,61,60+
Female,Alena Prikrylova,125,(210) 555-0101,1971-12-16,(210) 555-0100,alena@tailspintoys.com,Alena,53,45-60
Female,Catina Bojin,126,(210) 555-0101,1955-12-05,(210) 555-0100,catina@tailspintoys.com,Catina,69,60+
Female,Lana Rozej,127,(314) 555-0101,1963-05-22,(314) 555-0100,lana@tailspintoys.com,Lana,61,60+
Female,Kalpana Mukherjee,128,(314) 555-0101,1980-10-25,(314) 555-0100,kalpana@tailspintoys.com,Kalpana,44,30-45
Female,Chandrakanta Raut,129,(212) 555-0101,1993-03-10,(212) 555-0100,chandrakanta@tailspintoys.com,Chandrakanta,31,30-45
Female,Ivan Castellanos,130,(212) 555-0101,1975-02-02,(212) 555-0100,ivan@tailspintoys.com,Ivan,49,45-60
Female,Ganapati Gadiyaram,131,(206) 555-0101,1988-09-16,(206) 555-0100,ganapati@tailspintoys.com,Ganapati,36,30-45
Female,Parsa Blijleven,132,(206) 555-0101,1979-03-02,(206) 555-0100,parsa@tailspintoys.com,Parsa,45,45-60
Female,Adrijana Blagojevic,133,(206) 555-0101,1959-01-08,(206) 555-0100,adrijana@tailspintoys.com,Adrijana,65,60+
Female,Lina Martins,134,(206) 555-0101,1984-05-26,(206) 555-0100,lina@tailspintoys.com,Lina,40,30-45
Female,Lap Dinh,135,(240) 555-0101,1956-11-08,(240) 555-0100,lap@tailspintoys.com,Lap,68,60+
Female,August Astrom,136,(240) 555-0101,1989-06-28,(240) 555-0100,august@tailspintoys.com,August,35,30-45
Female,Didem ozCelik,137,(205) 555-0101,1996-01-12,(205) 555-0100,didem@tailspintoys.com,Didem,28,<30
Female,Krista Andrejev,138,(205) 555-0101,1965-07-06,(205) 555-0100,krista@tailspintoys.com,Krista,59,45-60
Female,Serhat Akbulut,139,(209) 555-0101,1985-06-23,(209) 555-0100,serhat@tailspintoys.com,Serhat,39,30-45
Female,Nadja Johansson,140,(209) 555-0101,1972-04-06,(209) 555-0100,nadja@tailspintoys.com,Nadja,52,45-60
Female,Daniela Barrios,141,(206) 555-0101,1987-04-28,(206) 555-0100,daniela@tailspintoys.com,Daniela,37,30-45
Female,Daina Celma,142,(206) 555-0101,1984-08-18,(206) 555-0100,daina@tailspintoys.com,Daina,40,30-45
Female,Julia Slobodova,143,(231) 555-0101,1987-10-09,(231) 555-0100,julia@tailspintoys.com,Julia,37,30-45
Female,Raimonds Kalnins,144,(231) 555-0101,1952-09-17,(231) 555-0100,raimonds@tailspintoys.com,Raimonds,72,60+
Female,Marcela Jankova,145,(304) 555-0101,1980-04-09,(304) 555-0100,marcela@tailspintoys.com,Marcela,44,30-45
Female,Predrag Stojanovic,146,(304) 555-0101,1979-12-31,(304) 555-0100,predrag@tailspintoys.com,Predrag,45,45-60
Female,Dipali Sonkar,147,(201) 555-0101,1978-01-11,(201) 555-0100,dipali@tailspintoys.com,Dipali,46,45-60
Female,Mariana Apodaca,148,(201) 555-0101,1963-07-19,(201) 555-0100,mariana@tailspintoys.com,Mariana,61,60+
Female,Bansidhar Mitra,149,(209) 555-0101,1958-10-20,(209) 555-0100,bansidhar@tailspintoys.com,Bansidhar,66,60+
Female,Liia Mae,150,(209) 555-0101,1997-12-20,(209) 555-0100,liia@tailspintoys.com,Liia,27,<30
Female,Gunnar Persson,151,(205) 555-0101,1985-10-05,(205) 555-0100,gunnar@tailspintoys.com,Gunnar,39,30-45
Female,Parvati Modi,152,(205) 555-0101,1965-06-13,(205) 555-0100,parvati@tailspintoys.com,Parvati,59,45-60
Female,Vitezslav Rehak,153,(215) 555-0101,1963-06-04,(215) 555-0100,vitezslav@tailspintoys.com,Vitezslav,61,60+
Female,Parsa Van Vossen,154,(215) 555-0101,1962-05-16,(215) 555-0100,parsa@tailspintoys.com,Parsa,62,60+
Female,Bharat Sikdar,155,(229) 555-0101,1990-05-08,(229) 555-0100,bharat@tailspintoys.com,Bharat,34,30-45
Female,Alain Aupry,156,(229) 555-0101,1970-08-06,(229) 555-0100,alain@tailspintoys.com,Alain,54,45-60
Female,Juan Bezanson,157,(206) 555-0101,1964-07-19,(206) 555-0100,juan@tailspintoys.com,Juan,60,60+
Female,Ruby Charlton,158,(206) 555-0101,1960-09-05,(206) 555-0100,ruby@tailspintoys.com,Ruby,64,60+
Female,Aile Mae,159,(216) 555-0101,1972-09-07,(216) 555-0100,aile@tailspintoys.com,Aile,52,45-60
Female,Margherita Lucchesi,160,(216) 555-0101,1963-03-05,(216) 555-0100,margherita@tailspintoys.com,Margherita,61,60+
Female,Pratap Varghese,161,(276) 555-0101,1994-11-03,(276) 555-0100,pratap@tailspintoys.com,Pratap,30,30-45
Female,Marcel Marquis,162,(276) 555-0101,1972-04-02,(276) 555-0100,marcel@tailspintoys.com,Marcel,52,45-60
Female,Margita Kopecka,163,(339) 555-0101,1996-03-14,(339) 555-0100,margita@tailspintoys.com,Margita,28,<30
Female,Mirjam Johansson,164,(339) 555-0101,1989-12-19,(339) 555-0100,mirjam@tailspintoys.com,Mirjam,35,30-45
Female,Lekha Mitra,165,(304) 555-0101,1982-01-11,(304) 555-0100,lekha@tailspintoys.com,Lekha,42,30-45
Female,Seeta Bose,166,(304) 555-0101,1985-09-08,(304) 555-0100,seeta@tailspintoys.com,Seeta,39,30-45
Female,Abhoy Prabhupāda,167,(423) 555-0101,1957-09-04,(423) 555-0100,abhoy@tailspintoys.com,Abhoy,67,60+
Female,Seok-Ho Jeon,168,(423) 555-0101,1997-10-04,(423) 555-0100,seok-ho@tailspintoys.com,Seok-Ho,27,<30
Female,Alida Caune,169,(212) 555-0101,1971-01-24,(212) 555-0100,alida@tailspintoys.com,Alida,53,45-60
Female,Indiana Fritzsche,170,(212) 555-0101,1985-12-01,(212) 555-0100,indiana@tailspintoys.com,Indiana,39,30-45
Female,Agnes Szolosy,171,(209) 555-0101,1956-08-28,(209) 555-0100,agnes@tailspintoys.com,Agnes,68,60+
Female,Yu-jin Jee,172,(209) 555-0101,1978-07-28,(209) 555-0100,yu-jin@tailspintoys.com,Yu-jin,46,45-60
Female,Rohana Kaskar,173,(207) 555-0101,1965-09-15,(207) 555-0100,rohana@tailspintoys.com,Rohana,59,45-60
Female,Grieta Kalnina,174,(207) 555-0101,1966-12-13,(207) 555-0100,grieta@tailspintoys.com,Grieta,58,45-60
Female,Hanuman Dubey,175,(210) 555-0101,1966-11-06,(210) 555-0100,hanuman@tailspintoys.com,Hanuman,58,45-60
Female,Paola Loggia,176,(210) 555-0101,1995-01-17,(210) 555-0100,paola@tailspintoys.com,Paola,29,<30
Female,Bao Dao,177,(339) 555-0101,1986-07-30,(339) 555-0100,bao@tailspintoys.com,Bao,38,30-45
Female,Viljo Lampsa,178,(339) 555-0101,1990-05-22,(339) 555-0100,viljo@tailspintoys.com,Viljo,34,30-45
Female,Preyakshna Aluri,179,(701) 555-0101,1997-01-01,(701) 555-0100,preyakshna@tailspintoys.com,Preyakshna,27,<30
Female,Chandan Raut,180,(701) 555-0101,1969-09-05,(701) 555-0100,chandan@tailspintoys.com,Chandan,55,45-60
Female,Valentina Conti,181,(225) 555-0101,1984-05-31,(225) 555-0100,valentina@tailspintoys.com,Valentina,40,30-45
Female,Narayan Mukherjee,182,(225) 555-0101,1964-07-02,(225) 555-0100,narayan@tailspintoys.com,Narayan,60,60+
Female,Theodore Saucier,183,(209) 555-0101,1974-09-17,(209) 555-0100,theodore@tailspintoys.com,Theodore,50,45-60
Female,Chaowalit Pornpipatpong,184,(209) 555-0101,1990-11-21,(209) 555-0100,chaowalit@tailspintoys.com,Chaowalit,34,30-45
Female,Mariana Fierro,185,(217) 555-0101,1983-02-18,(217) 555-0100,mariana@tailspintoys.com,Mariana,41,30-45
Female,Ivana Kozakova,186,(217) 555-0101,1994-03-03,(217) 555-0100,ivana@tailspintoys.com,Ivana,30,30-45
Female,Afshin Djalili,187,(231) 555-0101,1984-06-30,(231) 555-0100,afshin@tailspintoys.com,Afshin,40,30-45
Female,Vaclav Holy,188,(231) 555-0101,1992-01-09,(231) 555-0100,vaclav@tailspintoys.com,Vaclav,32,30-45
Female,Bianh Phan,189,(480) 555-0101,1970-10-24,(480) 555-0100,bianh@tailspintoys.com,Bianh,54,45-60
Female,Kanti Pipalia,190,(480) 555-0101,1995-12-16,(480) 555-0100,kanti@tailspintoys.com,Kanti,29,<30
Female,Koknesis Vitols,191,(218) 555-0101,1961-07-21,(218) 555-0100,koknesis@tailspintoys.com,Koknesis,63,60+
Female,Malle Sepp,192,(218) 555-0101,1992-01-01,(218) 555-0100,malle@tailspintoys.com,Malle,32,30-45
Female,Roxane Rastgu,193,(787) 555-0101,1961-01-07,(787) 555-0100,roxane@tailspintoys.com,Roxane,63,60+
Female,Hue Chu,194,(787) 555-0101,1955-09-27,(787) 555-0100,hue@tailspintoys.com,Hue,69,60+
Female,Vlasta Srbova,195,(203) 555-0101,1959-04-22,(203) 555-0100,vlasta@tailspintoys.com,Vlasta,65,60+
Female,Gadhar Ghosh,196,(203) 555-0101,1961-10-18,(203) 555-0100,gadhar@tailspintoys.com,Gadhar,63,60+
Female,Lata Babu,197,(405) 555-0101,1972-12-08,(405) 555-0100,lata@tailspintoys.com,Lata,52,45-60
Female,Chandra De,198,(405) 555-0101,1980-07-12,(405) 555-0100,chandra@tailspintoys.com,Chandra,44,30-45
Female,Airi Vassiljev,199,(229) 555-0101,1995-04-29,(229) 555-0100,airi@tailspintoys.com,Airi,29,<30
Female,Hoang La,200,(229) 555-0101,1995-09-01,(229) 555-0100,hoang@tailspintoys.com,Hoang,29,<30
Female,Duleep Walia,201,(206) 555-0101,1959-11-07,(206) 555-0100,duleep@tailspintoys.com,Duleep,65,60+
Female,Satish Gill,202,(206) 555-0101,1982-11-17,(206) 555-0100,satish@tailspintoys.com,Satish,42,30-45
Female,Matyas Macek,203,(316) 555-0101,1997-10-01,(316) 555-0100,matyas@tailspintoys.com,Matyas,27,<30
Female,Ethan Hopkins,204,(316) 555-0101,1970-05-03,(316) 555-0100,ethan@tailspintoys.com,Ethan,54,45-60
Female,Bharat Ankitham,205,(252) 555-0101,1991-02-22,(252) 555-0100,bharat@tailspintoys.com,Bharat,33,30-45
Female,Be Phan,206,(252) 555-0101,1975-12-15,(252) 555-0100,be@tailspintoys.com,Be,49,45-60
Female,Vera Kubatova,207,(212) 555-0101,1978-03-09,(212) 555-0100,vera@tailspintoys.com,Vera,46,45-60
Female,Diego Almeida,208,(212) 555-0101,1950-12-27,(212) 555-0100,diego@tailspintoys.com,Diego,74,60+
Female,Rakesh Nishad,209,(505) 555-0101,1973-01-08,(505) 555-0100,rakesh@tailspintoys.com,Rakesh,51,45-60
Female,Huu Hoa,210,(505) 555-0101,1978-05-11,(505) 555-0100,huu@tailspintoys.com,Huu,46,45-60
Female,Sang Tran,211,(201) 555-0101,1993-04-07,(201) 555-0100,sang@tailspintoys.com,Sang,31,30-45
Female,Bela Nemeth,212,(201) 555-0101,1989-10-28,(201) 555-0100,bela@tailspintoys.com,Bela,35,30-45
Female,Eekalabya Bose,213,(787) 555-0101,1980-12-14,(787) 555-0100,eekalabya@tailspintoys.com,Eekalabya,44,30-45
Female,Margherita Bucco,214,(787) 555-0101,1966-08-24,(787) 555-0100,margherita@tailspintoys.com,Margherita,58,45-60
Female,Tommy Kilpi,215,(303) 555-0101,1964-10-23,(303) 555-0100,tommy@tailspintoys.com,Tommy,60,60+
Female,Giri Bhamidipati,216,(303) 555-0101,1971-10-10,(303) 555-0100,giri@tailspintoys.com,Giri,53,45-60
Female,Andrea Ricci,217,(216) 555-0101,1969-05-18,(216) 555-0100,andrea@tailspintoys.com,Andrea,55,45-60
Female,Chung-Ho Han,218,(216) 555-0101,1992-10-31,(216) 555-0100,chung-ho@tailspintoys.com,Chung-Ho,32,30-45
Female,Isabell  Duperre,219,(212) 555-0101,1970-07-26,(212) 555-0100,isabell @tailspintoys.com,Isabell ,54,45-60
Female,Jasna Vujica,220,(212) 555-0101,1960-01-21,(212) 555-0100,jasna@tailspintoys.com,Jasna,64,60+
Female,Amarendra Ankitham,221,(339) 555-0101,1969-12-28,(339) 555-0100,amarendra@tailspintoys.com,Amarendra,55,45-60
Female,Isak Berggren,222,(339) 555-0101,1992-05-18,(339) 555-0100,isak@tailspintoys.com,Isak,32,30-45
Female,Aakarsha Nookala,223,(201) 555-0101,1992-09-27,(201) 555-0100,aakarsha@tailspintoys.com,Aakarsha,32,30-45
Female,Ilgonis Rozitis,224,(201) 555-0101,1992-01-31,(201) 555-0100,ilgonis@tailspintoys.com,Ilgonis,32,30-45
Female,Stanislav Sedlar,225,(701) 555-0101,1971-01-04,(701) 555-0100,stanislav@tailspintoys.com,Stanislav,53,45-60
Female,Telma Arvidsson,226,(701) 555-0101,1996-12-15,(701) 555-0100,telma@tailspintoys.com,Telma,28,<30
Female,GokCe Karaca,227,(603) 555-0101,1996-07-02,(603) 555-0100,gokce@tailspintoys.com,GokCe,28,<30
Female,Maria Munteanu,228,(603) 555-0101,1991-07-07,(603) 555-0100,maria@tailspintoys.com,Maria,33,30-45
Female,Coralie Emond,229,(803) 555-0101,1988-06-19,(803) 555-0100,coralie@tailspintoys.com,Coralie,36,30-45
Female,Cong Trung,230,(803) 555-0101,1957-12-23,(803) 555-0100,cong@tailspintoys.com,Cong,67,60+
Female,Karina Celmina,231,(239) 555-0101,1977-05-26,(239) 555-0100,karina@tailspintoys.com,Karina,47,45-60
Female,Nik Stoimenova,232,(239) 555-0101,1968-07-26,(239) 555-0100,nik@tailspintoys.com,Nik,56,45-60
Female,Teresa Pisani,233,(303) 555-0101,1965-03-05,(303) 555-0100,teresa@tailspintoys.com,Teresa,59,45-60
Female,Murugan Thakur,234,(303) 555-0101,1974-02-22,(303) 555-0100,murugan@tailspintoys.com,Murugan,50,45-60
Female,Alba Ponce,235,(210) 555-0101,1962-07-29,(210) 555-0100,alba@tailspintoys.com,Alba,62,60+
Female,Antra Dzene,236,(210) 555-0101,1956-02-28,(210) 555-0100,antra@tailspintoys.com,Antra,68,60+
Female,Piper Leigh,237,(210) 555-0101,1950-04-02,(210) 555-0100,piper@tailspintoys.com,Piper,74,60+
Female,Jautrite Krievina,238,(210) 555-0101,1996-12-31,(210) 555-0100,jautrite@tailspintoys.com,Jautrite,28,<30
Female,Karie Seymour,239,(802) 555-0101,1978-12-16,(802) 555-0100,karie@tailspintoys.com,Karie,46,45-60
Female,Lorenzo Lee,240,(802) 555-0101,1956-08-18,(802) 555-0100,lorenzo@tailspintoys.com,Lorenzo,68,60+
Female,Timea Peto,241,(209) 555-0101,1950-05-17,(209) 555-0100,timea@tailspintoys.com,Timea,74,60+
Female,Amanat Shaker Doust,242,(209) 555-0101,1953-09-07,(209) 555-0100,amanat@tailspintoys.com,Amanat,71,60+
Female,Victoria Ene,243,(205) 555-0101,1959-03-20,(205) 555-0100,victoria@tailspintoys.com,Victoria,65,60+
Female,Panit Meesang,244,(205) 555-0101,1964-02-22,(205) 555-0100,panit@tailspintoys.com,Panit,60,60+
Female,Bhavani Bhowmick,245,(215) 555-0101,1959-05-28,(215) 555-0100,bhavani@tailspintoys.com,Bhavani,65,60+
Female,Ivica Debeljak,246,(215) 555-0101,1978-11-03,(215) 555-0100,ivica@tailspintoys.com,Ivica,46,45-60
Female,Yasmine Berggren,247,(505) 555-0101,1972-01-21,(505) 555-0100,yasmine@tailspintoys.com,Yasmine,52,45-60
Female,Anima Bagchi,248,(505) 555-0101,1998-01-11,(505) 555-0100,anima@tailspintoys.com,Anima,26,<30
Female,Tea Koppel,249,(209) 555-0101,1960-05-17,(209) 555-0100,tea@tailspintoys.com,Tea,64,60+
Female,Bozena Palatova,250,(209) 555-0101,1967-09-14,(209) 555-0100,bozena@tailspintoys.com,Bozena,57,45-60
Female,Naseem Radan,251,(316) 555-0101,1974-11-16,(316) 555-0100,naseem@tailspintoys.com,Naseem,50,45-60
Female,Geza Olteanu,252,(316) 555-0101,1980-04-08,(316) 555-0100,geza@tailspintoys.com,Geza,44,30-45
Female,Laboni Deb,253,(207) 555-0101,1978-03-15,(207) 555-0100,laboni@tailspintoys.com,Laboni,46,45-60
Female,Antonin Klaus,254,(207) 555-0101,1977-12-18,(207) 555-0100,antonin@tailspintoys.com,Antonin,47,45-60
Female,Sung-Hwan Hwang,255,(228) 555-0101,1980-07-21,(228) 555-0100,sung-hwan@tailspintoys.com,Sung-Hwan,44,30-45
Female,Reigo Rebane,256,(228) 555-0101,1990-07-27,(228) 555-0100,reigo@tailspintoys.com,Reigo,34,30-45
Female,Shiva Pipalia,257,(480) 555-0101,1978-12-05,(480) 555-0100,shiva@tailspintoys.com,Shiva,46,45-60
Female,Aishwarya Beniwal,258,(480) 555-0101,1976-12-15,(480) 555-0100,aishwarya@tailspintoys.com,Aishwarya,48,45-60
Female,Karie Mercier,259,(209) 555-0101,1989-08-10,(209) 555-0100,karie@tailspintoys.com,Karie,35,30-45
Female,Milada Buresova,260,(209) 555-0101,1974-02-05,(209) 555-0100,milada@tailspintoys.com,Milada,50,45-60
Female,Bhanu Thota,261,(314) 555-0101,1963-10-26,(314) 555-0100,bhanu@tailspintoys.com,Bhanu,61,60+
Female,Cyrus Poursokh,262,(314) 555-0101,1979-09-24,(314) 555-0100,cyrus@tailspintoys.com,Cyrus,45,45-60
Female,Ae-Cha Joo,263,(209) 555-0101,1993-12-23,(209) 555-0100,ae-cha@tailspintoys.com,Ae-Cha,31,30-45
Female,Jawid Pourali,264,(209) 555-0101,1964-06-26,(209) 555-0100,jawid@tailspintoys.com,Jawid,60,60+
Female,Dinara Saparkyzy,265,(219) 555-0101,1957-03-06,(219) 555-0100,dinara@tailspintoys.com,Dinara,67,60+
Female,Karel Sedlar,266,(219) 555-0101,1952-06-13,(219) 555-0100,karel@tailspintoys.com,Karel,72,60+
Female,Adam Dvorak,267,(239) 555-0101,1966-07-21,(239) 555-0100,adam@tailspintoys.com,Adam,58,45-60
Female,Dhanishta Vankayala,268,(239) 555-0101,1955-03-20,(239) 555-0100,dhanishta@tailspintoys.com,Dhanishta,69,60+
Female,Ingrida Celmina,269,(316) 555-0101,1973-12-23,(316) 555-0100,ingrida@tailspintoys.com,Ingrida,51,45-60
Female,Be Dang,270,(316) 555-0101,1997-09-10,(316) 555-0100,be@tailspintoys.com,Be,27,<30
Female,Jae-Hwa Jang,271,(505) 555-0101,1969-07-13,(505) 555-0100,jae-hwa@tailspintoys.com,Jae-Hwa,55,45-60
Female,Clara Cunha,272,(505) 555-0101,1984-10-07,(505) 555-0100,clara@tailspintoys.com,Clara,40,30-45
Female,Duck-Hwan Bae,273,(803) 555-0101,1962-07-03,(803) 555-0100,duck-hwan@tailspintoys.com,Duck-Hwan,62,60+
Female,Surya Mishra,274,(803) 555-0101,1959-06-15,(803) 555-0100,surya@tailspintoys.com,Surya,65,60+
Female,Jagoda Vasiljevic,275,(252) 555-0101,1953-04-27,(252) 555-0100,jagoda@tailspintoys.com,Jagoda,71,60+
Female,Eero Raud,276,(252) 555-0101,1962-06-29,(252) 555-0100,eero@tailspintoys.com,Eero,62,60+
Female,Toma Nastase,277,(787) 555-0101,1960-12-08,(787) 555-0100,toma@tailspintoys.com,Toma,64,60+
Female,Arjuna Haldar,278,(787) 555-0101,1992-01-12,(787) 555-0100,arjuna@tailspintoys.com,Arjuna,32,30-45
Female,Valerio Cardoso,279,(385) 555-0101,1995-02-18,(385) 555-0100,valerio@tailspintoys.com,Valerio,29,<30
Female,Zac Wintle,280,(385) 555-0101,1988-12-02,(385) 555-0100,zac@tailspintoys.com,Zac,36,30-45
Female,Ileana Aguilar,281,(207) 555-0101,1975-11-11,(207) 555-0100,ileana@tailspintoys.com,Ileana,49,45-60
Female,Cai Nguyen,282,(207) 555-0101,1971-03-20,(207) 555-0100,cai@tailspintoys.com,Cai,53,45-60
Female,Tjasa Weitzer,283,(229) 555-0101,1990-08-30,(229) 555-0100,tjasa@tailspintoys.com,Tjasa,34,30-45
Female,Shefali Bose,284,(229) 555-0101,1997-02-23,(229) 555-0100,shefali@tailspintoys.com,Shefali,27,<30
Female,Lucas Van Veenen,285,(216) 555-0101,1995-07-02,(216) 555-0100,lucas@tailspintoys.com,Lucas,29,<30
Female,Farzana Saidi,286,(216) 555-0101,1965-07-23,(216) 555-0100,farzana@tailspintoys.com,Farzana,59,45-60
Female,Steven Frasier,287,(218) 555-0101,1955-02-24,(218) 555-0100,steven@tailspintoys.com,Steven,69,60+
Female,Amaranaath Muppavarapu,288,(218) 555-0101,1979-03-08,(218) 555-0100,amaranaath@tailspintoys.com,Amaranaath,45,45-60
Female,Mauri Enestam,289,(303) 555-0101,1983-01-12,(303) 555-0100,mauri@tailspintoys.com,Mauri,41,30-45
Female,Lakshmi Nair,290,(303) 555-0101,1969-04-14,(303) 555-0100,lakshmi@tailspintoys.com,Lakshmi,55,45-60
Female,Ella Zvirbule,291,(212) 555-0101,1966-12-06,(212) 555-0100,ella@tailspintoys.com,Ella,58,45-60
Female,Vicente Chávez,292,(212) 555-0101,1983-05-06,(212) 555-0100,vicente@tailspintoys.com,Vicente,41,30-45
Female,Sevim Aydın,293,(216) 555-0101,1980-12-04,(216) 555-0100,sevim@tailspintoys.com,Sevim,44,30-45
Female,Tamer Ayhan,294,(216) 555-0101,1965-01-01,(216) 555-0100,tamer@tailspintoys.com,Tamer,59,45-60
Female,Blanka Stavinohova,295,(304) 555-0101,1976-08-15,(304) 555-0100,blanka@tailspintoys.com,Blanka,48,45-60
Female,Josefa Diaz,296,(304) 555-0101,1996-05-19,(304) 555-0100,josefa@tailspintoys.com,Josefa,28,<30
Female,Akanksha Iyengar,297,(201) 555-0101,1986-05-30,(201) 555-0100,akanksha@tailspintoys.com,Akanksha,38,30-45
Female,Markus Kantee,298,(201) 555-0101,1972-11-09,(201) 555-0100,markus@tailspintoys.com,Markus,52,45-60
Female,Kertu Smirnov,299,(206) 555-0101,1958-08-20,(206) 555-0100,kertu@tailspintoys.com,Kertu,66,60+
Female,Lovro Kulaga,300,(206) 555-0101,1969-09-28,(206) 555-0100,lovro@tailspintoys.com,Lovro,55,45-60
Female,Jure Grabensek,301,(303) 555-0101,1964-07-31,(303) 555-0100,jure@tailspintoys.com,Jure,60,60+
Female,Chompunut Jetjirawat,302,(303) 555-0101,1966-04-26,(303) 555-0100,chompunut@tailspintoys.com,Chompunut,58,45-60
Female,Javiera Madera,303,(231) 555-0101,1965-08-27,(231) 555-0100,javiera@tailspintoys.com,Javiera,59,45-60
Female,Geetanjali Bagchi,304,(231) 555-0101,1957-05-07,(231) 555-0100,geetanjali@tailspintoys.com,Geetanjali,67,60+
Female,Aija Mottola,305,(201) 555-0101,1975-10-30,(201) 555-0100,aija@tailspintoys.com,Aija,49,45-60
Female,Elli Berg,306,(201) 555-0101,1974-11-19,(201) 555-0100,elli@tailspintoys.com,Elli,50,45-60
Female,Darshan Gupta,307,(907) 555-0101,1974-05-12,(907) 555-0100,darshan@tailspintoys.com,Darshan,50,45-60
Female,Prem Reddy,308,(907) 555-0101,1997-08-01,(907) 555-0100,prem@tailspintoys.com,Prem,27,<30
Female,Akanksha Sarma,309,(208) 555-0101,1950-10-11,(208) 555-0100,akanksha@tailspintoys.com,Akanksha,74,60+
Female,Edward Alfred,310,(208) 555-0101,1978-07-23,(208) 555-0100,edward@tailspintoys.com,Edward,46,45-60
Female,Aino Kallas,311,(212) 555-0101,1976-12-10,(212) 555-0100,aino@tailspintoys.com,Aino,48,45-60
Female,Dhaaruni Vinjamuri,312,(212) 555-0101,1977-12-04,(212) 555-0100,dhaaruni@tailspintoys.com,Dhaaruni,47,45-60
Female,An Dung Phung,313,(239) 555-0101,1996-08-05,(239) 555-0100,an dung@tailspintoys.com,An Dung,28,<30
Female,Ioana Ibanescu,314,(239) 555-0101,1966-12-23,(239) 555-0100,ioana@tailspintoys.com,Ioana,58,45-60
Female,Gaurav Sikdar,315,(314) 555-0101,1954-08-07,(314) 555-0100,gaurav@tailspintoys.com,Gaurav,70,60+
Female,Christian Berggren,316,(314) 555-0101,1975-08-21,(314) 555-0100,christian@tailspintoys.com,Christian,49,45-60
Female,Anirban Sen,317,(702) 555-0101,1991-12-31,(702) 555-0100,anirban@tailspintoys.com,Anirban,33,30-45
Female,Joel Koivisto,318,(702) 555-0101,1969-06-04,(702) 555-0100,joel@tailspintoys.com,Joel,55,45-60
Female,Chandrakanta Benjaree,319,(385) 555-0101,1966-04-04,(385) 555-0100,chandrakanta@tailspintoys.com,Chandrakanta,58,45-60
Female,Joy Das,320,(385) 555-0101,1990-09-15,(385) 555-0100,joy@tailspintoys.com,Joy,34,30-45
Female,Badari Chadalavada,321,(252) 555-0101,1981-05-15,(252) 555-0100,badari@tailspintoys.com,Badari,43,30-45
Female,Zala Ude,322,(252) 555-0101,1970-12-03,(252) 555-0100,zala@tailspintoys.com,Zala,54,45-60
Female,Gabriele Udinesi,323,(803) 555-0101,1994-02-03,(803) 555-0100,gabriele@tailspintoys.com,Gabriele,30,30-45
Female,Murugan Dewangan,324,(803) 555-0101,1996-02-10,(803) 555-0100,murugan@tailspintoys.com,Murugan,28,<30
Female,Malay Prabhupāda,325,(316) 555-0101,1994-06-21,(316) 555-0100,malay@tailspintoys.com,Malay,30,30-45
Female,Nghi Ly,326,(316) 555-0101,1981-03-22,(316) 555-0100,nghi@tailspintoys.com,Nghi,43,30-45
Female,Hedi Koppel,327,(314) 555-0101,1961-03-18,(314) 555-0100,hedi@tailspintoys.com,Hedi,63,60+
Female,Teodors Klavins,328,(314) 555-0101,1981-03-06,(314) 555-0100,teodors@tailspintoys.com,Teodors,43,30-45
Female,Denisa Ioveanu,329,(907) 555-0101,1992-07-11,(907) 555-0100,denisa@tailspintoys.com,Denisa,32,30-45
Female,Cosmin Nutiu,330,(907) 555-0101,1992-06-20,(907) 555-0100,cosmin@tailspintoys.com,Cosmin,32,30-45
Female,Vaclav Polaskova,331,(216) 555-0101,1952-09-03,(216) 555-0100,vaclav@tailspintoys.com,Vaclav,72,60+
Female,Georg Valbe,332,(216) 555-0101,1970-07-06,(216) 555-0100,georg@tailspintoys.com,Georg,54,45-60
Female,Pramod Nishad,333,(225) 555-0101,1951-09-26,(225) 555-0100,pramod@tailspintoys.com,Pramod,73,60+
Female,Avani Aggarwal,334,(225) 555-0101,1973-03-02,(225) 555-0100,avani@tailspintoys.com,Avani,51,45-60
Female,Prasong Tuntayakul,335,(201) 555-0101,1996-10-20,(201) 555-0100,prasong@tailspintoys.com,Prasong,28,<30
Female,Mariela Pasek,336,(201) 555-0101,1969-02-13,(201) 555-0100,mariela@tailspintoys.com,Mariela,55,45-60
Female,Aija Zvaigzne,337,(205) 555-0101,1950-02-22,(205) 555-0100,aija@tailspintoys.com,Aija,74,60+
Female,Dharanikumaar Sonti,338,(205) 555-0101,1962-08-01,(205) 555-0100,dharanikumaar@tailspintoys.com,Dharanikumaar,62,60+
Female,Gilbert Pelland,339,(406) 555-0101,1960-10-08,(406) 555-0100,gilbert@tailspintoys.com,Gilbert,64,60+
Female,Ngoc Cao,340,(406) 555-0101,1992-11-25,(406) 555-0100,ngoc@tailspintoys.com,Ngoc,32,30-45
Female,Marcella Napolitani,341,(262) 555-0101,1966-11-22,(262) 555-0100,marcella@tailspintoys.com,Marcella,58,45-60
Female,Pavol Oravec,342,(262) 555-0101,1987-12-17,(262) 555-0100,pavol@tailspintoys.com,Pavol,37,30-45
Female,Femke Hollenberg,343,(218) 555-0101,1996-05-25,(218) 555-0100,femke@tailspintoys.com,Femke,28,<30
Female,Roman Kubat,344,(218) 555-0101,1981-12-28,(218) 555-0100,roman@tailspintoys.com,Roman,43,30-45
Female,Brita Jarvi,345,(212) 555-0101,1980-11-05,(212) 555-0100,brita@tailspintoys.com,Brita,44,30-45
Female,Lucie Hrdlickova,346,(212) 555-0101,1956-04-30,(212) 555-0100,lucie@tailspintoys.com,Lucie,68,60+
Female,Donato Araujo,347,(480) 555-0101,1984-12-28,(480) 555-0100,donato@tailspintoys.com,Donato,40,30-45
Female,Alaine Berthelette,348,(480) 555-0101,1964-01-02,(480) 555-0100,alaine@tailspintoys.com,Alaine,60,60+
Female,Aleksander Jarvi,349,(406) 555-0101,1958-03-16,(406) 555-0100,aleksander@tailspintoys.com,Aleksander,66,60+
Female,Kurt Konecny,350,(406) 555-0101,1960-01-02,(406) 555-0100,kurt@tailspintoys.com,Kurt,64,60+
Female,Malati Shenoy,351,(218) 555-0101,1951-06-08,(218) 555-0100,malati@tailspintoys.com,Malati,73,60+
Female,Duong Duong,352,(218) 555-0101,1985-04-28,(218) 555-0100,duong@tailspintoys.com,Duong,39,30-45
Female,Gui-Hyun Ji,353,(218) 555-0101,1966-12-23,(218) 555-0100,gui-hyun@tailspintoys.com,Gui-Hyun,58,45-60
Female,Karl Kangur,354,(218) 555-0101,1979-03-19,(218) 555-0100,karl@tailspintoys.com,Karl,45,45-60
Female,Michal Polaskova,355,(262) 555-0101,1982-08-07,(262) 555-0100,michal@tailspintoys.com,Michal,42,30-45
Female,Debendra Chakraborty,356,(262) 555-0101,1972-08-10,(262) 555-0100,debendra@tailspintoys.com,Debendra,52,45-60
Female,Dilara Ayhan,357,(210) 555-0101,1963-12-25,(210) 555-0100,dilara@tailspintoys.com,Dilara,61,60+
Female,Virgiliu Vladu,358,(210) 555-0101,1961-07-24,(210) 555-0100,virgiliu@tailspintoys.com,Virgiliu,63,60+
Female,Peter Macias,359,(205) 555-0101,1993-03-23,(205) 555-0100,peter@tailspintoys.com,Peter,31,30-45
Female,Nasrin Fard,360,(205) 555-0101,1958-08-19,(205) 555-0100,nasrin@tailspintoys.com,Nasrin,66,60+
Female,Kurt Lukes,361,(225) 555-0101,1974-06-15,(225) 555-0100,kurt@tailspintoys.com,Kurt,50,45-60
Female,Daman Devulapalli,362,(225) 555-0101,1975-02-10,(225) 555-0100,daman@tailspintoys.com,Daman,49,45-60
Female,Beatrise Bite,363,(218) 555-0101,1954-08-25,(218) 555-0100,beatrise@tailspintoys.com,Beatrise,70,60+
Female,Hele Semjonov,364,(218) 555-0101,1953-11-30,(218) 555-0100,hele@tailspintoys.com,Hele,71,60+
Female,Bishwanath Ghosh,365,(701) 555-0101,1968-09-26,(701) 555-0100,bishwanath@tailspintoys.com,Bishwanath,56,45-60
Female,Gasper Jovicevic,366,(701) 555-0101,1972-02-04,(701) 555-0100,gasper@tailspintoys.com,Gasper,52,45-60
Female,Gianguido Lucchesi,367,(303) 555-0101,1961-02-04,(303) 555-0100,gianguido@tailspintoys.com,Gianguido,63,60+
Female,Harihar Chatterjee,368,(303) 555-0101,1967-11-01,(303) 555-0100,harihar@tailspintoys.com,Harihar,57,45-60
Female,Nu Bach,369,(212) 555-0101,1965-03-25,(212) 555-0100,nu@tailspintoys.com,Nu,59,45-60
Female,Gautama Reddy,370,(212) 555-0101,1996-10-20,(212) 555-0100,gautama@tailspintoys.com,Gautama,28,<30
Female,Ivonna Ene,371,(702) 555-0101,1982-12-26,(702) 555-0100,ivonna@tailspintoys.com,Ivonna,42,30-45
Female,Girish Banerjee,372,(702) 555-0101,1982-06-08,(702) 555-0100,girish@tailspintoys.com,Girish,42,30-45
Female,Ceyhun sahin,373,(215) 555-0101,1989-11-25,(215) 555-0100,ceyhun@tailspintoys.com,Ceyhun,35,30-45
Female,Dhir Bhattacharya,374,(215) 555-0101,1955-08-03,(215) 555-0100,dhir@tailspintoys.com,Dhir,69,60+
Female,Tian Peng,375,(203) 555-0101,1953-09-24,(203) 555-0100,tian@tailspintoys.com,Tian,71,60+
Female,Mariano Costa,376,(203) 555-0101,1957-03-20,(203) 555-0100,mariano@tailspintoys.com,Mariano,67,60+
Female,Vlastimil Bohuslav,377,(210) 555-0101,1994-09-16,(210) 555-0100,vlastimil@tailspintoys.com,Vlastimil,30,30-45
Female,Beau  Boule,378,(210) 555-0101,1975-01-13,(210) 555-0100,beau @tailspintoys.com,Beau ,49,45-60
Female,Nejc Vosnik,379,(210) 555-0101,1976-08-18,(210) 555-0100,nejc@tailspintoys.com,Nejc,48,45-60
Female,Amalendu Veturi,380,(210) 555-0101,1955-12-22,(210) 555-0100,amalendu@tailspintoys.com,Amalendu,69,60+
Female,Anindo Mazumdar,381,(210) 555-0101,1979-01-13,(210) 555-0100,anindo@tailspintoys.com,Anindo,45,45-60
Female,Tarja Saikkonen,382,(210) 555-0101,1974-05-13,(210) 555-0100,tarja@tailspintoys.com,Tarja,50,45-60
Female,Nils Balodis,383,(307) 555-0101,1972-04-16,(307) 555-0100,nils@tailspintoys.com,Nils,52,45-60
Female,Bernadette    Potvin,384,(307) 555-0101,1974-10-26,(307) 555-0100,bernadette   @tailspintoys.com,Bernadette   ,50,45-60
Female,Daniella Barbosa,385,(212) 555-0101,1974-11-27,(212) 555-0100,daniella@tailspintoys.com,Daniella,50,45-60
Female,Nancy Hansson,386,(212) 555-0101,1979-07-15,(212) 555-0100,nancy@tailspintoys.com,Nancy,45,45-60
Female,Raymond Levesque,387,(201) 555-0101,1982-09-24,(201) 555-0100,raymond@tailspintoys.com,Raymond,42,30-45
Female,Linda Fisher,388,(201) 555-0101,1981-08-26,(201) 555-0100,linda@tailspintoys.com,Linda,43,30-45
Female,Raymond Desforges,389,(505) 555-0101,1978-09-27,(505) 555-0100,raymond@tailspintoys.com,Raymond,46,45-60
Female,Stern Neumann,390,(505) 555-0101,1950-08-17,(505) 555-0100,stern@tailspintoys.com,Stern,74,60+
Female,Raju Atluri,391,(212) 555-0101,1980-05-19,(212) 555-0100,raju@tailspintoys.com,Raju,44,30-45
Female,Cezar Preda,392,(212) 555-0101,1989-01-07,(212) 555-0100,cezar@tailspintoys.com,Cezar,35,30-45
Female,Matyas Bohuslav,393,(239) 555-0101,1997-11-27,(239) 555-0100,matyas@tailspintoys.com,Matyas,27,<30
Female,Ambaajeeraav Ghattamaneni,394,(239) 555-0101,1963-07-13,(239) 555-0100,ambaajeeraav@tailspintoys.com,Ambaajeeraav,61,60+
Female,Julio Correa,395,(505) 555-0101,1951-03-28,(505) 555-0100,julio@tailspintoys.com,Julio,73,60+
Female,Hamsapriya Nandamuri,396,(505) 555-0101,1994-12-01,(505) 555-0100,hamsapriya@tailspintoys.com,Hamsapriya,30,30-45
Female,Banshari De,397,(206) 555-0101,1955-04-28,(206) 555-0100,banshari@tailspintoys.com,Banshari,69,60+
Female,Sudhir Yadav,398,(206) 555-0101,1959-11-18,(206) 555-0100,sudhir@tailspintoys.com,Sudhir,65,60+
Female,Ngai Lam,399,(215) 555-0101,1952-10-30,(215) 555-0100,ngai@tailspintoys.com,Ngai,72,60+
Female,Camille Hetu,400,(215) 555-0101,1951-06-26,(215) 555-0100,camille@tailspintoys.com,Camille,73,60+
Female,Hyun-Doo Song,401,(262) 555-0101,1957-07-21,(262) 555-0100,hyun-doo@tailspintoys.com,Hyun-Doo,67,60+
Female,Bahadır Korkmaz,402,(262) 555-0101,1987-11-04,(262) 555-0100,bahad@tailspintoys.com,Bahadır,37,30-45
Female,Gabriela Srbova,403,(319) 555-0101,1960-03-19,(319) 555-0100,gabriela@tailspintoys.com,Gabriela,64,60+
Female,Priya kaushal,404,(319) 555-0101,1994-08-12,(319) 555-0100,priya@tailspintoys.com,Priya,30,30-45
Female,Serkan senturk,405,(702) 555-0101,1975-06-21,(702) 555-0100,serkan@tailspintoys.com,Serkan,49,45-60
Female,Fatemeh Javan,406,(702) 555-0101,1962-12-20,(702) 555-0100,fatemeh@tailspintoys.com,Fatemeh,62,60+
Female,Aahlada Thota,407,(215) 555-0101,1959-02-03,(215) 555-0100,aahlada@tailspintoys.com,Aahlada,65,60+
Female,Marten Keskkula,408,(215) 555-0101,1983-06-09,(215) 555-0100,marten@tailspintoys.com,Marten,41,30-45
Female,Ayberk sahin,409,(308) 555-0101,1991-07-25,(308) 555-0100,ayberk@tailspintoys.com,Ayberk,33,30-45
Female,Magda Ciora,410,(308) 555-0101,1981-08-24,(308) 555-0100,magda@tailspintoys.com,Magda,43,30-45
Female,Kaan Tekin,411,(239) 555-0101,1954-04-18,(239) 555-0100,kaan@tailspintoys.com,Kaan,70,60+
Female,Harshini Kommineni,412,(239) 555-0101,1981-08-30,(239) 555-0100,harshini@tailspintoys.com,Harshini,43,30-45
Female,Lata Khandke,413,(216) 555-0101,1981-12-01,(216) 555-0100,lata@tailspintoys.com,Lata,43,30-45
Female,Emil Nutiu,414,(216) 555-0101,1950-11-05,(216) 555-0100,emil@tailspintoys.com,Emil,74,60+
Female,Truman Eder,415,(225) 555-0101,1966-09-04,(225) 555-0100,truman@tailspintoys.com,Truman,58,45-60
Female,Lale Javan,416,(225) 555-0101,1983-03-14,(225) 555-0100,lale@tailspintoys.com,Lale,41,30-45
Female,Lorraine Paulet,417,(458) 555-0101,1957-06-10,(458) 555-0100,lorraine@tailspintoys.com,Lorraine,67,60+
Female,Yusuf Johansson,418,(458) 555-0101,1959-10-27,(458) 555-0100,yusuf@tailspintoys.com,Yusuf,65,60+
Female,Biplab De,419,(231) 555-0101,1956-09-30,(231) 555-0100,biplab@tailspintoys.com,Biplab,68,60+
Female,Dhanishta Kidambi,420,(231) 555-0101,1964-06-09,(231) 555-0100,dhanishta@tailspintoys.com,Dhanishta,60,60+
Female,Rachelle Brasseur,421,(210) 555-0101,1966-08-03,(210) 555-0100,rachelle@tailspintoys.com,Rachelle,58,45-60
Female,Bholanath Das,422,(210) 555-0101,1974-01-10,(210) 555-0100,bholanath@tailspintoys.com,Bholanath,50,45-60
Female,Sara Charlton,423,(215) 555-0101,1960-10-31,(215) 555-0100,sara@tailspintoys.com,Sara,64,60+
Female,Libor safranek,424,(215) 555-0101,1975-07-21,(215) 555-0100,libor@tailspintoys.com,Libor,49,45-60
Female,Ramesh Mukherjee,425,(217) 555-0101,1991-01-02,(217) 555-0100,ramesh@tailspintoys.com,Ramesh,33,30-45
Female,Byung-Hyun Gwak,426,(217) 555-0101,1958-07-08,(217) 555-0100,byung-hyun@tailspintoys.com,Byung-Hyun,66,60+
Female,Ester Ahmadian,427,(229) 555-0101,1986-03-10,(229) 555-0100,ester@tailspintoys.com,Ester,38,30-45
Female,Kanika Mazumdar,428,(229) 555-0101,1990-05-19,(229) 555-0100,kanika@tailspintoys.com,Kanika,34,30-45
Female,Daniel Magnusson,429,(505) 555-0101,1972-04-05,(505) 555-0100,daniel@tailspintoys.com,Daniel,52,45-60
Female,Cemal Dogan,430,(505) 555-0101,1991-11-24,(505) 555-0100,cemal@tailspintoys.com,Cemal,33,30-45
Female,Jack Carpenter,431,(270) 555-0101,1987-10-18,(270) 555-0100,jack@tailspintoys.com,Jack,37,30-45
Female,Am Lieu,432,(270) 555-0101,1979-03-11,(270) 555-0100,am@tailspintoys.com,Am,45,45-60
Female,Thomas Fischer,433,(239) 555-0101,1990-01-30,(239) 555-0100,thomas@tailspintoys.com,Thomas,34,30-45
Female,Neil Logan,434,(239) 555-0101,1985-10-26,(239) 555-0100,neil@tailspintoys.com,Neil,39,30-45
Female,Viollette Monty,435,(803) 555-0101,1977-09-14,(803) 555-0100,viollette@tailspintoys.com,Viollette,47,45-60
Female,Gita Dutta,436,(803) 555-0101,1957-07-04,(803) 555-0100,gita@tailspintoys.com,Gita,67,60+
Female,Alinne Cardoso,437,(308) 555-0101,1975-03-13,(308) 555-0100,alinne@tailspintoys.com,Alinne,49,45-60
Female,Uma Pandit,438,(308) 555-0101,1976-04-10,(308) 555-0100,uma@tailspintoys.com,Uma,48,45-60
Female,Mani Poddar,439,(209) 555-0101,1967-08-07,(209) 555-0100,mani@tailspintoys.com,Mani,57,45-60
Female,Rama Mukaddam,440,(209) 555-0101,1987-10-23,(209) 555-0100,rama@tailspintoys.com,Rama,37,30-45
Female,Deakshitulu Mokkapati,441,(314) 555-0101,1985-05-01,(314) 555-0100,deakshitulu@tailspintoys.com,Deakshitulu,39,30-45
Female,Tereza Pinďakova,442,(314) 555-0101,1987-04-18,(314) 555-0100,tereza@tailspintoys.com,Tereza,37,30-45
Female,Cezar Pavel,443,(303) 555-0101,1959-01-27,(303) 555-0100,cezar@tailspintoys.com,Cezar,65,60+
Female,Bahaar Yekta,444,(303) 555-0101,1966-03-23,(303) 555-0100,bahaar@tailspintoys.com,Bahaar,58,45-60
Female,Fanni Benko,445,(385) 555-0101,1974-09-18,(385) 555-0100,fanni@tailspintoys.com,Fanni,50,45-60
Female,Amar Dutta,446,(385) 555-0101,1968-10-15,(385) 555-0100,amar@tailspintoys.com,Amar,56,45-60
Female,Brenda Morgan,447,(206) 555-0101,1954-01-02,(206) 555-0100,brenda@tailspintoys.com,Brenda,70,60+
Female,Kamal Nakhtare,448,(206) 555-0101,1991-12-01,(206) 555-0100,kamal@tailspintoys.com,Kamal,33,30-45
Female,Olga Alexandrova,449,(303) 555-0101,1955-11-24,(303) 555-0100,olga@wingtiptoys.com,Olga,69,60+
Female,Bibi Javan,450,(303) 555-0101,1973-04-16,(303) 555-0100,bibi@wingtiptoys.com,Bibi,51,45-60
Female,Maris Baltins,451,(215) 555-0101,1975-05-03,(215) 555-0100,maris@wingtiptoys.com,Maris,49,45-60
Female,Taneli Hahl,452,(215) 555-0101,1987-10-11,(215) 555-0100,taneli@wingtiptoys.com,Taneli,37,30-45
Female,Parsa Reuser,453,(480) 555-0101,1969-09-06,(480) 555-0100,parsa@wingtiptoys.com,Parsa,55,45-60
Female,Da-eun Kwak,454,(480) 555-0101,1953-04-05,(480) 555-0100,da-eun@wingtiptoys.com,Da-eun,71,60+
Female,Duleep Srivastava,455,(215) 555-0101,1977-11-21,(215) 555-0100,duleep@wingtiptoys.com,Duleep,47,45-60
Female,Kurt Balog,456,(215) 555-0101,1996-09-03,(215) 555-0100,kurt@wingtiptoys.com,Kurt,28,<30
Female,Miran Nikolic,457,(217) 555-0101,1981-10-06,(217) 555-0100,miran@wingtiptoys.com,Miran,43,30-45
Female,Indra Mudaliyar,458,(217) 555-0101,1991-05-17,(217) 555-0100,indra@wingtiptoys.com,Indra,33,30-45
Female,Calin Bojin,459,(205) 555-0101,1969-10-08,(205) 555-0100,calin@wingtiptoys.com,Calin,55,45-60
Female,Maxime Westerink,460,(205) 555-0101,1967-06-25,(205) 555-0100,maxime@wingtiptoys.com,Maxime,57,45-60
Female,Lang Le,461,(225) 555-0101,1993-12-09,(225) 555-0100,lang@wingtiptoys.com,Lang,31,30-45
Female,Bozena Divisova,462,(225) 555-0101,1984-01-05,(225) 555-0100,bozena@wingtiptoys.com,Bozena,40,30-45
Female,Bhaagyalakshmi Muppavarapu,463,(210) 555-0101,1990-02-17,(210) 555-0100,bhaagyalakshmi@wingtiptoys.com,Bhaagyalakshmi,34,30-45
Female,Durjoy Bose,464,(210) 555-0101,1982-08-12,(210) 555-0100,durjoy@wingtiptoys.com,Durjoy,42,30-45
Female,Dimitry Nechita,465,(209) 555-0101,1976-07-09,(209) 555-0100,dimitry@wingtiptoys.com,Dimitry,48,45-60
Female,Meredith Padilla,466,(209) 555-0101,1977-07-06,(209) 555-0100,meredith@wingtiptoys.com,Meredith,47,45-60
Female,Miroslav Kohout,467,(210) 555-0101,1979-06-02,(210) 555-0100,miroslav@wingtiptoys.com,Miroslav,45,45-60
Female,Teresa Torres,468,(210) 555-0101,1993-01-08,(210) 555-0100,teresa@wingtiptoys.com,Teresa,31,30-45
Female,Fransje Mutlu,469,(262) 555-0101,1977-02-23,(262) 555-0100,fransje@wingtiptoys.com,Fransje,47,45-60
Female,Karel Hybl,470,(262) 555-0101,1980-01-10,(262) 555-0100,karel@wingtiptoys.com,Karel,44,30-45
Female,Chati Ornlamai,471,(406) 555-0101,1952-06-30,(406) 555-0100,chati@wingtiptoys.com,Chati,72,60+
Female,Tajana Lovric,472,(406) 555-0101,1971-07-03,(406) 555-0100,tajana@wingtiptoys.com,Tajana,53,45-60
Female,Raine Knihtila,473,(210) 555-0101,1981-12-19,(210) 555-0100,raine@wingtiptoys.com,Raine,43,30-45
Female,Dhir Mazumdar,474,(210) 555-0101,1958-09-27,(210) 555-0100,dhir@wingtiptoys.com,Dhir,66,60+
Female,Lan Chu,475,(215) 555-0101,1962-07-20,(215) 555-0100,lan@wingtiptoys.com,Lan,62,60+
Female,Tereza Prikrylova,476,(215) 555-0101,1957-04-24,(215) 555-0100,tereza@wingtiptoys.com,Tereza,67,60+
Female,Maurice English,477,(229) 555-0101,1952-10-11,(229) 555-0100,maurice@wingtiptoys.com,Maurice,72,60+
Female,Daniella Ribeiro,478,(229) 555-0101,1975-11-22,(229) 555-0100,daniella@wingtiptoys.com,Daniella,49,45-60
Female,Irene Sepp,479,(262) 555-0101,1963-04-11,(262) 555-0100,irene@wingtiptoys.com,Irene,61,60+
Female,Hubert Fields,480,(262) 555-0101,1973-02-01,(262) 555-0100,hubert@wingtiptoys.com,Hubert,51,45-60
Female,Chandranath Bose,481,(262) 555-0101,1995-08-27,(262) 555-0100,chandranath@wingtiptoys.com,Chandranath,29,<30
Female,Gaurav Acharya,482,(262) 555-0101,1982-01-18,(262) 555-0100,gaurav@wingtiptoys.com,Gaurav,42,30-45
Female,Ana Julijana Isa,483,(406) 555-0101,1978-11-02,(406) 555-0100,ana julijana@wingtiptoys.com,Ana Julijana,46,45-60
Female,Libor Klaus,484,(406) 555-0101,1970-06-28,(406) 555-0100,libor@wingtiptoys.com,Libor,54,45-60
Female,Gireesh Bhogireddy,485,(239) 555-0101,1951-07-24,(239) 555-0100,gireesh@wingtiptoys.com,Gireesh,73,60+
Female,Stanislav Zeman,486,(239) 555-0101,1968-06-06,(239) 555-0100,stanislav@wingtiptoys.com,Stanislav,56,45-60
Female,Premwadee Atitarn,487,(209) 555-0101,1988-04-29,(209) 555-0100,premwadee@wingtiptoys.com,Premwadee,36,30-45
Female,Deeptendu Das,488,(209) 555-0101,1955-05-10,(209) 555-0100,deeptendu@wingtiptoys.com,Deeptendu,69,60+
Female,Nishant Patil,489,(205) 555-0101,1964-07-05,(205) 555-0100,nishant@wingtiptoys.com,Nishant,60,60+
Female,Bhaagyalakshmi Rajanala,490,(205) 555-0101,1966-09-20,(205) 555-0100,bhaagyalakshmi@wingtiptoys.com,Bhaagyalakshmi,58,45-60
Female,Rohan Das,491,(206) 555-0101,1950-04-13,(206) 555-0100,rohan@wingtiptoys.com,Rohan,74,60+
Female,Bhaanusree Ankitham,492,(206) 555-0101,1994-05-04,(206) 555-0100,bhaanusree@wingtiptoys.com,Bhaanusree,30,30-45
Female,Aamdaal Kamasamudram,493,(316) 555-0101,1981-04-05,(316) 555-0100,aamdaal@wingtiptoys.com,Aamdaal,43,30-45
Female,Karita Rosberg,494,(316) 555-0101,1955-11-02,(316) 555-0100,karita@wingtiptoys.com,Karita,69,60+
Female,Baebeesarasvati Kamasamudram,495,(308) 555-0101,1979-01-29,(308) 555-0100,baebeesarasvati@wingtiptoys.com,Baebeesarasvati,45,45-60
Female,Hana Palatova,496,(308) 555-0101,1957-07-10,(308) 555-0100,hana@wingtiptoys.com,Hana,67,60+
Female,Marcello Dellucci,497,(405) 555-0101,1980-11-04,(405) 555-0100,marcello@wingtiptoys.com,Marcello,44,30-45
Female,Shobha Raju,498,(405) 555-0101,1964-05-25,(405) 555-0100,shobha@wingtiptoys.com,Shobha,60,60+
Female,Mee-Kyong Sin,499,(480) 555-0101,1953-10-09,(480) 555-0100,mee-kyong@wingtiptoys.com,Mee-Kyong,71,60+
Female,Věra Kopecka,500,(480) 555-0101,1950-12-10,(480) 555-0100,vacra@wingtiptoys.com,Věra,74,60+
Female,Ivica Lučic,501,(212) 555-0101,1984-11-08,(212) 555-0100,ivica@wingtiptoys.com,Ivica,40,30-45
Female,David Svoboda,502,(212) 555-0101,1977-01-02,(212) 555-0100,david@wingtiptoys.com,David,47,45-60
Female,Vinicius Correa,503,(231) 555-0101,1961-12-17,(231) 555-0100,vinicius@wingtiptoys.com,Vinicius,63,60+
Female,Surat Pornpipatpong,504,(231) 555-0101,1964-11-25,(231) 555-0100,surat@wingtiptoys.com,Surat,60,60+
Female,Fabio Pena,505,(314) 555-0101,1966-03-09,(314) 555-0100,fabio@wingtiptoys.com,Fabio,58,45-60
Female,Kauan Gomes,506,(314) 555-0101,1982-04-01,(314) 555-0100,kauan@wingtiptoys.com,Kauan,42,30-45
Female,Lakshmi Roy,507,(208) 555-0101,1955-08-21,(208) 555-0100,lakshmi@wingtiptoys.com,Lakshmi,69,60+
Female,Kersti Mihhailov,508,(208) 555-0101,1967-11-15,(208) 555-0100,kersti@wingtiptoys.com,Kersti,57,45-60
Female,Selma Seppanen,509,(787) 555-0101,1995-12-21,(787) 555-0100,selma@wingtiptoys.com,Selma,29,<30
Female,Danielle  Brasseur,510,(787) 555-0101,1991-10-11,(787) 555-0100,danielle @wingtiptoys.com,Danielle ,33,30-45
Female,Bay Ly,511,(239) 555-0101,1990-03-29,(239) 555-0100,bay@wingtiptoys.com,Bay,34,30-45
Female,Sanjiv Raina,512,(239) 555-0101,1989-08-12,(239) 555-0100,sanjiv@wingtiptoys.com,Sanjiv,35,30-45
Female,Adirake Saenamuang,513,(405) 555-0101,1953-04-06,(405) 555-0100,adirake@wingtiptoys.com,Adirake,71,60+
Female,Leena De,514,(405) 555-0101,1988-04-01,(405) 555-0100,leena@wingtiptoys.com,Leena,36,30-45
Female,Tarja Penttila,515,(212) 555-0101,1976-06-21,(212) 555-0100,tarja@wingtiptoys.com,Tarja,48,45-60
Female,Gunnar Larsson,516,(212) 555-0101,1982-05-08,(212) 555-0100,gunnar@wingtiptoys.com,Gunnar,42,30-45
Female,Devendranath Huq,517,(217) 555-0101,1979-09-27,(217) 555-0100,devendranath@wingtiptoys.com,Devendranath,45,45-60
Female,Vicente Cabrera,518,(217) 555-0101,1964-02-22,(217) 555-0100,vicente@wingtiptoys.com,Vicente,60,60+
Female,Enes Olsson,519,(276) 555-0101,1953-10-25,(276) 555-0100,enes@wingtiptoys.com,Enes,71,60+
Female,Milada Kubatova,520,(276) 555-0101,1951-10-19,(276) 555-0100,milada@wingtiptoys.com,Milada,73,60+
Female,Vanja Grgic,521,(215) 555-0101,1952-11-17,(215) 555-0100,vanja@wingtiptoys.com,Vanja,72,60+
Female,Daniela Omelkova,522,(215) 555-0101,1971-08-23,(215) 555-0100,daniela@wingtiptoys.com,Daniela,53,45-60
Female,Dayaram Mishra,523,(216) 555-0101,1988-02-15,(216) 555-0100,dayaram@wingtiptoys.com,Dayaram,36,30-45
Female,Gal Kokeza,524,(216) 555-0101,1951-06-11,(216) 555-0100,gal@wingtiptoys.com,Gal,73,60+
Female,Mina Omidzadeh,525,(262) 555-0101,1963-02-07,(262) 555-0100,mina@wingtiptoys.com,Mina,61,60+
Female,Adrian Bengtsson,526,(262) 555-0101,1985-08-13,(262) 555-0100,adrian@wingtiptoys.com,Adrian,39,30-45
Female,Kadir Usenuly,527,(405) 555-0101,1982-07-03,(405) 555-0100,kadir@wingtiptoys.com,Kadir,42,30-45
Female,Rajiv Shasthri,528,(405) 555-0101,1988-06-24,(405) 555-0100,rajiv@wingtiptoys.com,Rajiv,36,30-45
Female,Kajsa Jakobsson,529,(319) 555-0101,1986-07-21,(319) 555-0100,kajsa@wingtiptoys.com,Kajsa,38,30-45
Female,Elnaz Rahimi,530,(319) 555-0101,1987-06-08,(319) 555-0100,elnaz@wingtiptoys.com,Elnaz,37,30-45
Female,Rahul Ghate,531,(215) 555-0101,1985-08-19,(215) 555-0100,rahul@wingtiptoys.com,Rahul,39,30-45
Female,Chuan Wongsawat,532,(215) 555-0101,1985-05-08,(215) 555-0100,chuan@wingtiptoys.com,Chuan,39,30-45
Female,Lien Banh,533,(231) 555-0101,1962-08-15,(231) 555-0100,lien@wingtiptoys.com,Lien,62,60+
Female,Anshula Mitra,534,(231) 555-0101,1984-08-28,(231) 555-0100,anshula@wingtiptoys.com,Anshula,40,30-45
Female,Divyendu Chakraborty,535,(605) 555-0101,1983-03-17,(605) 555-0100,divyendu@wingtiptoys.com,Divyendu,41,30-45
Female,Rita Kauppi,536,(605) 555-0101,1997-10-01,(605) 555-0100,rita@wingtiptoys.com,Rita,27,<30
Female,An Dung Ngo,537,(303) 555-0101,1954-12-26,(303) 555-0100,an dung@wingtiptoys.com,An Dung,70,60+
Female,Pranav Yadav,538,(303) 555-0101,1993-06-29,(303) 555-0100,pranav@wingtiptoys.com,Pranav,31,30-45
Female,Chetana Kamath,539,(225) 555-0101,1997-03-07,(225) 555-0100,chetana@wingtiptoys.com,Chetana,27,<30
Female,Isabelina Flores,540,(225) 555-0101,1978-02-24,(225) 555-0100,isabelina@wingtiptoys.com,Isabelina,46,45-60
Female,Premwadee Saowaluk,541,(319) 555-0101,1980-12-11,(319) 555-0100,premwadee@wingtiptoys.com,Premwadee,44,30-45
Female,Adam Balaz,542,(319) 555-0101,1988-01-23,(319) 555-0100,adam@wingtiptoys.com,Adam,36,30-45
Female,Jae-Hwa Min,543,(702) 555-0101,1992-03-04,(702) 555-0100,jae-hwa@wingtiptoys.com,Jae-Hwa,32,30-45
Female,Rafael Pena,544,(702) 555-0101,1950-01-06,(702) 555-0100,rafael@wingtiptoys.com,Rafael,74,60+
Female,Catalina Nechita,545,(304) 555-0101,1993-02-07,(304) 555-0100,catalina@wingtiptoys.com,Catalina,31,30-45
Female,Robert Cosic,546,(304) 555-0101,1956-11-17,(304) 555-0100,robert@wingtiptoys.com,Robert,68,60+
Female,Constanza Laureano,547,(219) 555-0101,1996-07-27,(219) 555-0100,constanza@wingtiptoys.com,Constanza,28,<30
Female,Sunil Nakhtare,548,(219) 555-0101,1964-06-01,(219) 555-0100,sunil@wingtiptoys.com,Sunil,60,60+
Female,Aakriti Bhamidipati,549,(307) 555-0101,1987-09-26,(307) 555-0100,aakriti@wingtiptoys.com,Aakriti,37,30-45
Female,Sakchai Supitayaporn,550,(307) 555-0101,1957-02-10,(307) 555-0100,sakchai@wingtiptoys.com,Sakchai,67,60+
Female,Himadri Prabhupāda,551,(209) 555-0101,1966-04-08,(209) 555-0100,himadri@wingtiptoys.com,Himadri,58,45-60
Female,Lukas Kohout,552,(209) 555-0101,1984-01-12,(209) 555-0100,lukas@wingtiptoys.com,Lukas,40,30-45
Female,Bryan Helms,553,(276) 555-0101,1980-03-22,(276) 555-0100,bryan@wingtiptoys.com,Bryan,44,30-45
Female,Julianna Makay,554,(276) 555-0101,1972-06-23,(276) 555-0100,julianna@wingtiptoys.com,Julianna,52,45-60
Female,Harri Kask,555,(787) 555-0101,1975-06-17,(787) 555-0100,harri@wingtiptoys.com,Harri,49,45-60
Female,Rakhshinda Mansouri,556,(787) 555-0101,1994-11-07,(787) 555-0100,rakhshinda@wingtiptoys.com,Rakhshinda,30,30-45
Female,Ilse Sandell,557,(209) 555-0101,1968-05-20,(209) 555-0100,ilse@wingtiptoys.com,Ilse,56,45-60
Female,Tibor Harsanyi,558,(209) 555-0101,1981-01-05,(209) 555-0100,tibor@wingtiptoys.com,Tibor,43,30-45
Female,Subhash Matondkar,559,(212) 555-0101,1954-05-17,(212) 555-0100,subhash@wingtiptoys.com,Subhash,70,60+
Female,Gurudas De,560,(212) 555-0101,1972-04-08,(212) 555-0100,gurudas@wingtiptoys.com,Gurudas,52,45-60
Female,Eesvaraavu Ankitham,561,(505) 555-0101,1956-02-19,(505) 555-0100,eesvaraavu@wingtiptoys.com,Eesvaraavu,68,60+
Female,Angelina Karlsson,562,(505) 555-0101,1992-01-22,(505) 555-0100,angelina@wingtiptoys.com,Angelina,32,30-45
Female,Miguel Paez,563,(205) 555-0101,1952-12-18,(205) 555-0100,miguel@wingtiptoys.com,Miguel,72,60+
Female,Anukul Dey,564,(205) 555-0101,1951-03-01,(205) 555-0100,anukul@wingtiptoys.com,Anukul,73,60+
Female,Tobias Gruber,565,(216) 555-0101,1967-10-15,(216) 555-0100,tobias@wingtiptoys.com,Tobias,57,45-60
Female,Jitka Stastna,566,(216) 555-0101,1959-08-17,(216) 555-0100,jitka@wingtiptoys.com,Jitka,65,60+
Female,Daniela Dumina,567,(505) 555-0101,1969-10-15,(505) 555-0100,daniela@wingtiptoys.com,Daniela,55,45-60
Female,Fahmidah Fallahi,568,(505) 555-0101,1984-01-07,(505) 555-0100,fahmidah@wingtiptoys.com,Fahmidah,40,30-45
Female,Ganesh Mukherjee,569,(210) 555-0101,1968-07-17,(210) 555-0100,ganesh@wingtiptoys.com,Ganesh,56,45-60
Female,Hector Parra,570,(210) 555-0101,1965-08-22,(210) 555-0100,hector@wingtiptoys.com,Hector,59,45-60
Female,Avanti Nishad,571,(505) 555-0101,1997-03-26,(505) 555-0100,avanti@wingtiptoys.com,Avanti,27,<30
Female,Gino Sal,572,(505) 555-0101,1995-12-10,(505) 555-0100,gino@wingtiptoys.com,Gino,29,<30
Female,Daedeepya Thota,573,(405) 555-0101,1961-09-26,(405) 555-0100,daedeepya@wingtiptoys.com,Daedeepya,63,60+
Female,Lekha Sen,574,(405) 555-0101,1968-03-05,(405) 555-0100,lekha@wingtiptoys.com,Lekha,56,45-60
Female,Gabriela Chirila,575,(701) 555-0101,1955-02-04,(701) 555-0100,gabriela@wingtiptoys.com,Gabriela,69,60+
Female,Elina Bite,576,(701) 555-0101,1971-11-28,(701) 555-0100,elina@wingtiptoys.com,Elina,53,45-60
Female,Nagur Atluri,577,(405) 555-0101,1951-02-04,(405) 555-0100,nagur@wingtiptoys.com,Nagur,73,60+
Female,Hanita Kamasamudram,578,(405) 555-0101,1966-09-13,(405) 555-0100,hanita@wingtiptoys.com,Hanita,58,45-60
Female,Sintja Buecek,579,(210) 555-0101,1989-07-26,(210) 555-0100,sintja@wingtiptoys.com,Sintja,35,30-45
Female,Esha Singh,580,(210) 555-0101,1995-04-23,(210) 555-0100,esha@wingtiptoys.com,Esha,29,<30
Female,Pongrit Srisati,581,(215) 555-0101,1968-01-19,(215) 555-0100,pongrit@wingtiptoys.com,Pongrit,56,45-60
Female,Hanna Piip,582,(215) 555-0101,1958-10-23,(215) 555-0100,hanna@wingtiptoys.com,Hanna,66,60+
Female,Linda Green,583,(218) 555-0101,1990-05-02,(218) 555-0100,linda@wingtiptoys.com,Linda,34,30-45
Female,Baalamurali Kommineni,584,(218) 555-0101,1998-01-02,(218) 555-0100,baalamurali@wingtiptoys.com,Baalamurali,26,<30
Female,Sarmis Skujins,585,(270) 555-0101,1987-12-16,(270) 555-0100,sarmis@wingtiptoys.com,Sarmis,37,30-45
Female,Amporn Jetjirawat,586,(270) 555-0101,1969-07-23,(270) 555-0100,amporn@wingtiptoys.com,Amporn,55,45-60
Female,Libuse Srbova,587,(210) 555-0101,1974-12-07,(210) 555-0100,libuse@wingtiptoys.com,Libuse,50,45-60
Female,Jimme Harmsen,588,(210) 555-0101,1960-08-30,(210) 555-0100,jimme@wingtiptoys.com,Jimme,64,60+
Female,Viktorie Stejskalova,589,(209) 555-0101,1990-11-22,(209) 555-0100,viktorie@wingtiptoys.com,Viktorie,34,30-45
Female,Bishnu Bandopadhyay,590,(209) 555-0101,1995-11-02,(209) 555-0100,bishnu@wingtiptoys.com,Bishnu,29,<30
Female,Slavko Pavlovic,591,(209) 555-0101,1977-06-02,(209) 555-0100,slavko@wingtiptoys.com,Slavko,47,45-60
Female,Malorie Dupuy,592,(209) 555-0101,1977-05-18,(209) 555-0100,malorie@wingtiptoys.com,Malorie,47,45-60
Female,Doru Munteanu,593,(209) 555-0101,1965-01-15,(209) 555-0100,doru@wingtiptoys.com,Doru,59,45-60
Female,Ankita Mittal,594,(209) 555-0101,1963-09-19,(209) 555-0100,ankita@wingtiptoys.com,Ankita,61,60+
Female,Aile Aasmae,595,(239) 555-0101,1988-09-05,(239) 555-0100,aile@wingtiptoys.com,Aile,36,30-45
Female,Ezgi Kaya,596,(239) 555-0101,1989-10-18,(239) 555-0100,ezgi@wingtiptoys.com,Ezgi,35,30-45
Female,Ava Edden,597,(479) 555-0101,1956-03-25,(479) 555-0100,ava@wingtiptoys.com,Ava,68,60+
Female,Adirake Narkbunnum,598,(479) 555-0101,1968-12-02,(479) 555-0100,adirake@wingtiptoys.com,Adirake,56,45-60
Female,Manali Bose,599,(215) 555-0101,1989-04-16,(215) 555-0100,manali@wingtiptoys.com,Manali,35,30-45
Female,Ji-min Jun,600,(215) 555-0101,1950-11-06,(215) 555-0100,ji-min@wingtiptoys.com,Ji-min,74,60+
Female,Astrid Poisson,601,(228) 555-0101,1974-03-25,(228) 555-0100,astrid@wingtiptoys.com,Astrid,50,45-60
Female,Timotej stakne,602,(228) 555-0101,1995-01-11,(228) 555-0100,timotej@wingtiptoys.com,Timotej,29,<30
Female,Gi-Suk Heo,603,(215) 555-0101,1977-11-01,(215) 555-0100,gi-suk@wingtiptoys.com,Gi-Suk,47,45-60
Female,Roman Tomek,604,(215) 555-0101,1980-07-23,(215) 555-0100,roman@wingtiptoys.com,Roman,44,30-45
Female,Irma Kruze,605,(219) 555-0101,1980-10-06,(219) 555-0100,irma@wingtiptoys.com,Irma,44,30-45
Female,Věra Stejskalova,606,(219) 555-0101,1965-11-10,(219) 555-0100,vicra@wingtiptoys.com,Věra,59,45-60
Female,Dhaeraemdranaadh Pamulaparthi,607,(458) 555-0101,1965-02-02,(458) 555-0100,dhaeraemdranaadh@wingtiptoys.com,Dhaeraemdranaadh,59,45-60
Female,Victoria Brezeanu,608,(458) 555-0101,1994-01-03,(458) 555-0100,victoria@wingtiptoys.com,Victoria,30,30-45
Female,Agrita Kalnina,609,(314) 555-0101,1968-02-26,(314) 555-0100,agrita@wingtiptoys.com,Agrita,56,45-60
Female,Burak ozden,610,(314) 555-0101,1954-02-16,(314) 555-0100,burak@wingtiptoys.com,Burak,70,60+
Female,Ravindra Sandhu,611,(212) 555-0101,1992-11-30,(212) 555-0100,ravindra@wingtiptoys.com,Ravindra,32,30-45
Female,Iulia Nechita,612,(212) 555-0101,1980-08-14,(212) 555-0100,iulia@wingtiptoys.com,Iulia,44,30-45
Female,Klara Rakus,613,(803) 555-0101,1968-11-18,(803) 555-0100,klara@wingtiptoys.com,Klara,56,45-60
Female,Razeena Rezaei,614,(803) 555-0101,1970-09-29,(803) 555-0100,razeena@wingtiptoys.com,Razeena,54,45-60
Female,Am Lo,615,(803) 555-0101,1978-08-14,(803) 555-0100,am@wingtiptoys.com,Am,46,45-60
Female,Edmee Schol,616,(803) 555-0101,1977-06-28,(803) 555-0100,edmee@wingtiptoys.com,Edmee,47,45-60
Female,Sophie Van Lier,617,(316) 555-0101,1952-08-12,(316) 555-0100,sophie@wingtiptoys.com,Sophie,72,60+
Female,Shiva Nair,618,(316) 555-0101,1976-07-01,(316) 555-0100,shiva@wingtiptoys.com,Shiva,48,45-60
Female,Dimitry Profis,619,(216) 555-0101,1993-12-30,(216) 555-0100,dimitry@wingtiptoys.com,Dimitry,31,30-45
Female,Manindra Desai,620,(216) 555-0101,1962-02-06,(216) 555-0100,manindra@wingtiptoys.com,Manindra,62,60+
Female,Jan Zeman,621,(215) 555-0101,1967-03-28,(215) 555-0100,jan@wingtiptoys.com,Jan,57,45-60
Female,Jukka-Pekk Saarijarvi,622,(215) 555-0101,1978-03-11,(215) 555-0100,jukka-pekk@wingtiptoys.com,Jukka-Pekk,46,45-60
Female,Ranjit Dikshit,623,(787) 555-0101,1972-02-24,(787) 555-0100,ranjit@wingtiptoys.com,Ranjit,52,45-60
Female,Marek Blaho,624,(787) 555-0101,1975-01-10,(787) 555-0100,marek@wingtiptoys.com,Marek,49,45-60
Female,Varuna Ganguly,625,(262) 555-0101,1971-09-29,(262) 555-0100,varuna@wingtiptoys.com,Varuna,53,45-60
Female,Natalia Pokorna,626,(262) 555-0101,1957-03-06,(262) 555-0100,natalia@wingtiptoys.com,Natalia,67,60+
Female,Basak Tekin,627,(207) 555-0101,1963-07-05,(207) 555-0100,basak@wingtiptoys.com,Basak,61,60+
Female,Nicole Martinez,628,(207) 555-0101,1975-04-08,(207) 555-0100,nicole@wingtiptoys.com,Nicole,49,45-60
Female,Doru Tirlea,629,(217) 555-0101,1976-02-11,(217) 555-0100,doru@wingtiptoys.com,Doru,48,45-60
Female,Hema Jujjavarapu,630,(217) 555-0101,1997-03-21,(217) 555-0100,hema@wingtiptoys.com,Hema,27,<30
Female,Jessica Perrine,631,(217) 555-0101,1951-04-08,(217) 555-0100,jessica@wingtiptoys.com,Jessica,73,60+
Female,Mukta Sarkar,632,(217) 555-0101,1996-07-10,(217) 555-0100,mukta@wingtiptoys.com,Mukta,28,<30
Female,Yavuz Cetinkaya,633,(240) 555-0101,1975-10-22,(240) 555-0100,yavuz@wingtiptoys.com,Yavuz,49,45-60
Female,Jaydeb Ganguly,634,(240) 555-0101,1966-01-09,(240) 555-0100,jaydeb@wingtiptoys.com,Jaydeb,58,45-60
Female,Sirirat Kongpaisarn,635,(303) 555-0101,1962-11-08,(303) 555-0100,sirirat@wingtiptoys.com,Sirirat,62,60+
Female,Himani Sanyal,636,(303) 555-0101,1976-04-05,(303) 555-0100,himani@wingtiptoys.com,Himani,48,45-60
Female,Claude Bonsaint,637,(215) 555-0101,1993-07-08,(215) 555-0100,claude@wingtiptoys.com,Claude,31,30-45
Female,Gopal Thakur,638,(215) 555-0101,1992-09-06,(215) 555-0100,gopal@wingtiptoys.com,Gopal,32,30-45
Female,Roman Pajer,639,(209) 555-0101,1966-01-13,(209) 555-0100,roman@wingtiptoys.com,Roman,58,45-60
Female,Floris Veenhuizen,640,(209) 555-0101,1988-01-21,(209) 555-0100,floris@wingtiptoys.com,Floris,36,30-45
Female,Vitezslav Holy,641,(803) 555-0101,1961-10-27,(803) 555-0100,vitezslav@wingtiptoys.com,Vitezslav,63,60+
Female,Paul Valbe,642,(803) 555-0101,1969-10-02,(803) 555-0100,paul@wingtiptoys.com,Paul,55,45-60
Female,Devi Dewangan,643,(216) 555-0101,1974-08-24,(216) 555-0100,devi@wingtiptoys.com,Devi,50,45-60
Female,William Bordelon,644,(216) 555-0101,1963-11-07,(216) 555-0100,william@wingtiptoys.com,William,61,60+
Female,Masa Buecek,645,(216) 555-0101,1981-02-16,(216) 555-0100,masa@wingtiptoys.com,Masa,43,30-45
Female,Nguyet Trang,646,(216) 555-0101,1972-12-18,(216) 555-0100,nguyet@wingtiptoys.com,Nguyet,52,45-60
Female,Bipin Modi,647,(423) 555-0101,1950-01-07,(423) 555-0100,bipin@wingtiptoys.com,Bipin,74,60+
Female,Dattaatraeya Vangapandu,648,(423) 555-0101,1955-07-09,(423) 555-0100,dattaatraeya@wingtiptoys.com,Dattaatraeya,69,60+
Female,Rahul Sarma,649,(802) 555-0101,1986-03-19,(802) 555-0100,rahul@wingtiptoys.com,Rahul,38,30-45
Female,Deeba Hemmati,650,(802) 555-0101,1954-04-07,(802) 555-0100,deeba@wingtiptoys.com,Deeba,70,60+
Female,Alejandro Escobar,651,(218) 555-0101,1971-07-02,(218) 555-0100,alejandro@wingtiptoys.com,Alejandro,53,45-60
Female,Milada Hadrabova,652,(218) 555-0101,1972-08-24,(218) 555-0100,milada@wingtiptoys.com,Milada,52,45-60
Female,Andris Vitols,653,(252) 555-0101,1953-12-13,(252) 555-0100,andris@wingtiptoys.com,Andris,71,60+
Female,Lana Larsson,654,(252) 555-0101,1966-02-20,(252) 555-0100,lana@wingtiptoys.com,Lana,58,45-60
Female,Mariela Weitzer,655,(207) 555-0101,1981-10-15,(207) 555-0100,mariela@wingtiptoys.com,Mariela,43,30-45
Female,David Lanctot,656,(207) 555-0101,1952-12-15,(207) 555-0100,david@wingtiptoys.com,David,72,60+
Female,Alain Pelland,657,(303) 555-0101,1981-04-23,(303) 555-0100,alain@wingtiptoys.com,Alain,43,30-45
Female,Ik-Soo Jo,658,(303) 555-0101,1986-10-09,(303) 555-0100,ik-soo@wingtiptoys.com,Ik-Soo,38,30-45
Female,Milica Stojkovic,659,(201) 555-0101,1973-07-19,(201) 555-0100,milica@wingtiptoys.com,Milica,51,45-60
Female,Teemu Yli-Sirnio,660,(201) 555-0101,1962-02-17,(201) 555-0100,teemu@wingtiptoys.com,Teemu,62,60+
Female,Natalie Horackova,661,(215) 555-0101,1951-02-28,(215) 555-0100,natalie@wingtiptoys.com,Natalie,73,60+
Female,Francesca Greece,662,(215) 555-0101,1976-06-28,(215) 555-0100,francesca@wingtiptoys.com,Francesca,48,45-60
Female,Baalaaditya Rallapalli,663,(314) 555-0101,1971-07-26,(314) 555-0100,baalaaditya@wingtiptoys.com,Baalaaditya,53,45-60
Female,Antonin Holy,664,(314) 555-0101,1950-09-18,(314) 555-0100,antonin@wingtiptoys.com,Antonin,74,60+
Female,Matej Formanek,665,(303) 555-0101,1980-02-05,(303) 555-0100,matej@wingtiptoys.com,Matej,44,30-45
Female,Mary Eder,666,(303) 555-0101,1974-01-10,(303) 555-0100,mary@wingtiptoys.com,Mary,50,45-60
Female,Manish Ghosh,667,(219) 555-0101,1996-08-15,(219) 555-0100,manish@wingtiptoys.com,Manish,28,<30
Female,Anish Naidu,668,(219) 555-0101,1960-12-16,(219) 555-0100,anish@wingtiptoys.com,Anish,64,60+
Female,Pracha Nantakarn,669,(231) 555-0101,1982-08-15,(231) 555-0100,pracha@wingtiptoys.com,Pracha,42,30-45
Female,Malee Charoenkul,670,(231) 555-0101,1979-04-12,(231) 555-0100,malee@wingtiptoys.com,Malee,45,45-60
Female,Charline Flamand,671,(605) 555-0101,1977-05-23,(605) 555-0100,charline@wingtiptoys.com,Charline,47,45-60
Female,Dhavala Alladi,672,(605) 555-0101,1953-09-04,(605) 555-0100,dhavala@wingtiptoys.com,Dhavala,71,60+
Female,Teodor Vlad,673,(219) 555-0101,1962-09-06,(219) 555-0100,teodor@wingtiptoys.com,Teodor,62,60+
Female,Peeter Keskula,674,(219) 555-0101,1972-04-30,(219) 555-0100,peeter@wingtiptoys.com,Peeter,52,45-60
Female,Anda Liepa,675,(603) 555-0101,1985-07-30,(603) 555-0100,anda@wingtiptoys.com,Anda,39,30-45
Female,Deakshitulu Paruchuri,676,(603) 555-0101,1960-07-01,(603) 555-0100,deakshitulu@wingtiptoys.com,Deakshitulu,64,60+
Female,Jelena Utjesenovic,677,(210) 555-0101,1964-02-07,(210) 555-0100,jelena@wingtiptoys.com,Jelena,60,60+
Female,Debbie Clark,678,(210) 555-0101,1971-10-31,(210) 555-0100,debbie@wingtiptoys.com,Debbie,53,45-60
Female,Adriana Horackova,679,(252) 555-0101,1998-03-24,(252) 555-0100,adriana@wingtiptoys.com,Adriana,26,<30
Female,Suniti Bhat,680,(252) 555-0101,1987-05-11,(252) 555-0100,suniti@wingtiptoys.com,Suniti,37,30-45
Female,Miika Putkonen,681,(314) 555-0101,1956-05-21,(314) 555-0100,miika@wingtiptoys.com,Miika,68,60+
Female,Jose Williams,682,(314) 555-0101,1966-05-22,(314) 555-0100,jose@wingtiptoys.com,Jose,58,45-60
Female,Padma Iyer,683,(505) 555-0101,1990-06-09,(505) 555-0100,padma@wingtiptoys.com,Padma,34,30-45
Female,Cai Cao,684,(505) 555-0101,1957-05-30,(505) 555-0100,cai@wingtiptoys.com,Cai,67,60+
Female,Śani Sen,685,(405) 555-0101,1979-09-03,(405) 555-0100,aani@wingtiptoys.com,Śani,45,45-60
Female,Ngu Hoa,686,(405) 555-0101,1975-10-06,(405) 555-0100,ngu@wingtiptoys.com,Ngu,49,45-60
Female,Helene Dupuy,687,(270) 555-0101,1971-05-02,(270) 555-0100,helene@wingtiptoys.com,Helene,53,45-60
Female,Antonio Trentini,688,(270) 555-0101,1994-02-06,(270) 555-0100,antonio@wingtiptoys.com,Antonio,30,30-45
Female,omer ozbek,689,(205) 555-0101,1985-01-10,(205) 555-0100,omer@wingtiptoys.com,omer,39,30-45
Female,Andrei Bratianu,690,(205) 555-0101,1985-06-07,(205) 555-0100,andrei@wingtiptoys.com,Andrei,39,30-45
Female,Akshayakeerti Jandhyala,691,(240) 555-0101,1996-10-22,(240) 555-0100,akshayakeerti@wingtiptoys.com,Akshayakeerti,28,<30
Female,Tereza Stolinova,692,(240) 555-0101,1970-02-01,(240) 555-0100,tereza@wingtiptoys.com,Tereza,54,45-60
Female,Ankolika Sen,693,(304) 555-0101,1958-02-20,(304) 555-0100,ankolika@wingtiptoys.com,Ankolika,66,60+
Female,Kristophe  Couet,694,(304) 555-0101,1997-04-14,(304) 555-0100,kristophe @wingtiptoys.com,Kristophe ,27,<30
Female,Baalaamani Veturi,695,(218) 555-0101,1976-12-15,(218) 555-0100,baalaamani@wingtiptoys.com,Baalaamani,48,45-60
Female,Gustav Korjus,696,(218) 555-0101,1971-03-03,(218) 555-0100,gustav@wingtiptoys.com,Gustav,53,45-60
Female,Julia Konecna,697,(314) 555-0101,1958-08-22,(314) 555-0100,julia@wingtiptoys.com,Julia,66,60+
Female,Birgit Saar,698,(314) 555-0101,1979-07-19,(314) 555-0100,birgit@wingtiptoys.com,Birgit,45,45-60
Female,Madelaine  Paulet,699,(212) 555-0101,1992-05-21,(212) 555-0100,madelaine @wingtiptoys.com,Madelaine ,32,30-45
Female,Arundhati Bhowmick,700,(212) 555-0101,1980-11-30,(212) 555-0100,arundhati@wingtiptoys.com,Arundhati,44,30-45
Female,Mario Jogi,701,(212) 555-0101,1970-06-24,(212) 555-0100,mario@wingtiptoys.com,Mario,54,45-60
Female,Martina Omelkova,702,(212) 555-0101,1989-09-09,(212) 555-0100,martina@wingtiptoys.com,Martina,35,30-45
Female,Kaya ozbek,703,(276) 555-0101,1981-09-25,(276) 555-0100,kaya@wingtiptoys.com,Kaya,43,30-45
Female,Lan Klanjcar,704,(276) 555-0101,1965-04-06,(276) 555-0100,lan@wingtiptoys.com,Lan,59,45-60
Female,Seo-yeon Rim,705,(229) 555-0101,1972-05-09,(229) 555-0100,seo-yeon@wingtiptoys.com,Seo-yeon,52,45-60
Female,Giovanna Araujo,706,(229) 555-0101,1980-09-14,(229) 555-0100,giovanna@wingtiptoys.com,Giovanna,44,30-45
Female,Sitara Benjaree,707,(210) 555-0101,1976-08-20,(210) 555-0100,sitara@wingtiptoys.com,Sitara,48,45-60
Female,Roberts Sprogis,708,(210) 555-0101,1960-10-15,(210) 555-0100,roberts@wingtiptoys.com,Roberts,64,60+
Female,Javier Caraballo,709,(231) 555-0101,1977-09-23,(231) 555-0100,javier@wingtiptoys.com,Javier,47,45-60
Female,Coralie Brasseur,710,(231) 555-0101,1984-09-01,(231) 555-0100,coralie@wingtiptoys.com,Coralie,40,30-45
Female,Akhtar Shahrestaani,711,(229) 555-0101,1967-01-07,(229) 555-0100,akhtar@wingtiptoys.com,Akhtar,57,45-60
Female,Priya Joshi,712,(229) 555-0101,1976-02-29,(229) 555-0100,priya@wingtiptoys.com,Priya,48,45-60
Female,Vanita Bhowmick,713,(405) 555-0101,1950-08-24,(405) 555-0100,vanita@wingtiptoys.com,Vanita,74,60+
Female,Bruna Cavalcante,714,(405) 555-0101,1979-06-09,(405) 555-0100,bruna@wingtiptoys.com,Bruna,45,45-60
Female,Nishant Menon,715,(225) 555-0101,1959-05-03,(225) 555-0100,nishant@wingtiptoys.com,Nishant,65,60+
Female,Ratnam Singh,716,(225) 555-0101,1961-01-08,(225) 555-0100,ratnam@wingtiptoys.com,Ratnam,63,60+
Female,Josef Benda,717,(304) 555-0101,1997-06-28,(304) 555-0100,josef@wingtiptoys.com,Josef,27,<30
Female,Trishna Benipal,718,(304) 555-0101,1974-08-12,(304) 555-0100,trishna@wingtiptoys.com,Trishna,50,45-60
Female,Teresa Bender,719,(605) 555-0101,1953-08-03,(605) 555-0100,teresa@wingtiptoys.com,Teresa,71,60+
Female,Diego Buccho,720,(605) 555-0101,1958-01-17,(605) 555-0100,diego@wingtiptoys.com,Diego,66,60+
Female,Deepesh Bose,721,(907) 555-0101,1964-11-30,(907) 555-0100,deepesh@wingtiptoys.com,Deepesh,60,60+
Female,Ambareesh Madhunapantula,722,(907) 555-0101,1997-01-26,(907) 555-0100,ambareesh@wingtiptoys.com,Ambareesh,27,<30
Female,Madhavi Gupta,723,(228) 555-0101,1967-02-09,(228) 555-0100,madhavi@wingtiptoys.com,Madhavi,57,45-60
Female,Indu Chowdary,724,(228) 555-0101,1996-06-02,(228) 555-0100,indu@wingtiptoys.com,Indu,28,<30
Female,Bich Banh,725,(215) 555-0101,1957-08-09,(215) 555-0100,bich@wingtiptoys.com,Bich,67,60+
Female,Lennart Kask,726,(215) 555-0101,1954-02-06,(215) 555-0100,lennart@wingtiptoys.com,Lennart,70,60+
Female,Śani Nair,727,(207) 555-0101,1960-04-06,(207) 555-0100,aaani@wingtiptoys.com,Śani,64,60+
Female,Cuc Tu,728,(207) 555-0101,1964-01-09,(207) 555-0100,cuc@wingtiptoys.com,Cuc,60,60+
Female,Angelina Gormanston,729,(201) 555-0101,1951-06-24,(201) 555-0100,angelina@wingtiptoys.com,Angelina,73,60+
Female,Prasanna Shetty,730,(201) 555-0101,1996-12-15,(201) 555-0100,prasanna@wingtiptoys.com,Prasanna,28,<30
Female,Prasert Supitayaporn,731,(219) 555-0101,1975-01-19,(219) 555-0100,prasert@wingtiptoys.com,Prasert,49,45-60
Female,Gulzar Parkar,732,(219) 555-0101,1995-06-25,(219) 555-0100,gulzar@wingtiptoys.com,Gulzar,29,<30
Female,Abhaya Rambhatla,733,(231) 555-0101,1978-01-12,(231) 555-0100,abhaya@wingtiptoys.com,Abhaya,46,45-60
Female,Naveed Alizadeh,734,(231) 555-0101,1976-01-23,(231) 555-0100,naveed@wingtiptoys.com,Naveed,48,45-60
Female,Lalit Ogra,735,(205) 555-0101,1971-04-26,(205) 555-0100,lalit@wingtiptoys.com,Lalit,53,45-60
Female,Badanika Vankayala,736,(205) 555-0101,1975-04-25,(205) 555-0100,badanika@wingtiptoys.com,Badanika,49,45-60
Female,Mina Bagheri,737,(319) 555-0101,1972-06-05,(319) 555-0100,mina@wingtiptoys.com,Mina,52,45-60
Female,Lien Lo,738,(319) 555-0101,1975-04-06,(319) 555-0100,lien@wingtiptoys.com,Lien,49,45-60
Female,Debraj Sanyal,739,(239) 555-0101,1991-11-16,(239) 555-0100,debraj@wingtiptoys.com,Debraj,33,30-45
Female,Tara KlanCisar,740,(239) 555-0101,1955-05-15,(239) 555-0100,tara@wingtiptoys.com,Tara,69,60+
Female,Marco Costa,741,(701) 555-0101,1973-06-01,(701) 555-0100,marco@wingtiptoys.com,Marco,51,45-60
Female,Alessandra Gallo,742,(701) 555-0101,1952-04-03,(701) 555-0100,alessandra@wingtiptoys.com,Alessandra,72,60+
Female,Crina Nechita,743,(217) 555-0101,1995-03-14,(217) 555-0100,crina@wingtiptoys.com,Crina,29,<30
Female,Yi Min Zhong,744,(217) 555-0101,1959-04-28,(217) 555-0100,yi min@wingtiptoys.com,Yi Min,65,60+
Female,Zala Ibrahimagic,745,(212) 555-0101,1971-06-20,(212) 555-0100,zala@wingtiptoys.com,Zala,53,45-60
Female,Wander Ellenbroek,746,(212) 555-0101,1962-05-28,(212) 555-0100,wander@wingtiptoys.com,Wander,62,60+
Female,Gundega Kundzina,747,(479) 555-0101,1965-07-31,(479) 555-0100,gundega@wingtiptoys.com,Gundega,59,45-60
Female,Damyanti Byrraju,748,(479) 555-0101,1967-10-10,(479) 555-0100,damyanti@wingtiptoys.com,Damyanti,57,45-60
Female,Parveen Haldar,749,(219) 555-0101,1972-08-09,(219) 555-0100,parveen@wingtiptoys.com,Parveen,52,45-60
Female,Chau Chu,750,(219) 555-0101,1978-05-08,(219) 555-0100,chau@wingtiptoys.com,Chau,46,45-60
Female,Noel Cartier,751,(215) 555-0101,1996-06-05,(215) 555-0100,noel@wingtiptoys.com,Noel,28,<30
Female,Aet Kasesalu,752,(215) 555-0101,1993-06-02,(215) 555-0100,aet@wingtiptoys.com,Aet,31,30-45
Female,Ilgonis Dzenis,753,(210) 555-0101,1989-07-26,(210) 555-0100,ilgonis@wingtiptoys.com,Ilgonis,35,30-45
Female,Emine Gungor,754,(210) 555-0101,1976-05-08,(210) 555-0100,emine@wingtiptoys.com,Emine,48,45-60
Female,Ondrej Tomek,755,(219) 555-0101,1986-07-07,(219) 555-0100,ondrej@wingtiptoys.com,Ondrej,38,30-45
Female,Ngon Ta,756,(219) 555-0101,1962-09-12,(219) 555-0100,ngon@wingtiptoys.com,Ngon,62,60+
Female,Mohini Kaul,757,(240) 555-0101,1951-09-22,(240) 555-0100,mohini@wingtiptoys.com,Mohini,73,60+
Female,Alejandro Baeza,758,(240) 555-0101,1951-12-27,(240) 555-0100,alejandro@wingtiptoys.com,Alejandro,73,60+
Female,Arnab Malakar,759,(210) 555-0101,1997-02-14,(210) 555-0100,arnab@wingtiptoys.com,Arnab,27,<30
Female,Anupam Majumdar,760,(210) 555-0101,1991-11-25,(210) 555-0100,anupam@wingtiptoys.com,Anupam,33,30-45
Female,Mary Barney,761,(505) 555-0101,1986-02-23,(505) 555-0100,mary@wingtiptoys.com,Mary,38,30-45
Female,Amit Ghatak,762,(505) 555-0101,1987-06-23,(505) 555-0100,amit@wingtiptoys.com,Amit,37,30-45
Female,Dhaeraemdranaadh Allu,763,(216) 555-0101,1990-09-04,(216) 555-0100,dhaeraemdranaadh@wingtiptoys.com,Dhaeraemdranaadh,34,30-45
Female,Abel Pirvu,764,(216) 555-0101,1974-03-05,(216) 555-0100,abel@wingtiptoys.com,Abel,50,45-60
Female,Paola Greece,765,(210) 555-0101,1967-09-22,(210) 555-0100,paola@wingtiptoys.com,Paola,57,45-60
Female,Izabella Baltina,766,(210) 555-0101,1957-05-26,(210) 555-0100,izabella@wingtiptoys.com,Izabella,67,60+
Female,Flora Olofsson,767,(787) 555-0101,1974-03-24,(787) 555-0100,flora@wingtiptoys.com,Flora,50,45-60
Female,Vitezslav Drdla,768,(787) 555-0101,1994-12-05,(787) 555-0100,vitezslav@wingtiptoys.com,Vitezslav,30,30-45
Female,Nguyet Bach,769,(205) 555-0101,1969-01-09,(205) 555-0100,nguyet@wingtiptoys.com,Nguyet,55,45-60
Female,Ratnam Sidhu,770,(205) 555-0101,1993-04-29,(205) 555-0100,ratnam@wingtiptoys.com,Ratnam,31,30-45
Female,Jyoti Karnik,771,(803) 555-0101,1972-07-25,(803) 555-0100,jyoti@wingtiptoys.com,Jyoti,52,45-60
Female,Dattu Gummadi,772,(803) 555-0101,1954-12-06,(803) 555-0100,dattu@wingtiptoys.com,Dattu,70,60+
Female,Samuel Almaraz,773,(458) 555-0101,1986-10-16,(458) 555-0100,samuel@wingtiptoys.com,Samuel,38,30-45
Female,Filip Bunderla,774,(458) 555-0101,1959-05-29,(458) 555-0100,filip@wingtiptoys.com,Filip,65,60+
Female,Zuzana Kuchtova,775,(262) 555-0101,1976-04-09,(262) 555-0100,zuzana@wingtiptoys.com,Zuzana,48,45-60
Female,Elias Niemi,776,(262) 555-0101,1973-01-11,(262) 555-0100,elias@wingtiptoys.com,Elias,51,45-60
Female,Mark Ruutel,777,(307) 555-0101,1972-05-19,(307) 555-0100,mark@wingtiptoys.com,Mark,52,45-60
Female,Carla Osorio,778,(307) 555-0101,1953-10-01,(307) 555-0100,carla@wingtiptoys.com,Carla,71,60+
Female,Corneliu Vladu,779,(480) 555-0101,1974-11-12,(480) 555-0100,corneliu@wingtiptoys.com,Corneliu,50,45-60
Female,Ivo Valek,780,(480) 555-0101,1978-01-27,(480) 555-0100,ivo@wingtiptoys.com,Ivo,46,45-60
Female,Severins Polis,781,(216) 555-0101,1970-02-01,(216) 555-0100,severins@wingtiptoys.com,Severins,54,45-60
Female,Chandran Bhattacharya,782,(216) 555-0101,1957-04-24,(216) 555-0100,chandran@wingtiptoys.com,Chandran,67,60+
Female,Linda Ledezma,783,(210) 555-0101,1971-03-20,(210) 555-0100,linda@wingtiptoys.com,Linda,53,45-60
Female,Zbynek Vacha,784,(210) 555-0101,1954-07-29,(210) 555-0100,zbynek@wingtiptoys.com,Zbynek,70,60+
Female,Halit Gunes,785,(239) 555-0101,1954-05-26,(239) 555-0100,halit@wingtiptoys.com,Halit,70,60+
Female,Indu Nambiar,786,(239) 555-0101,1977-11-01,(239) 555-0100,indu@wingtiptoys.com,Indu,47,45-60
Female,Vallo Vesik,787,(205) 555-0101,1997-10-23,(205) 555-0100,vallo@wingtiptoys.com,Vallo,27,<30
Female,Dayaram Raut,788,(205) 555-0101,1980-12-01,(205) 555-0100,dayaram@wingtiptoys.com,Dayaram,44,30-45
Female,Dana Mrazova,789,(802) 555-0101,1964-08-16,(802) 555-0100,dana@wingtiptoys.com,Dana,60,60+
Female,Saraswati Beniwal,790,(802) 555-0101,1976-03-18,(802) 555-0100,saraswati@wingtiptoys.com,Saraswati,48,45-60
Female,Ema Slosar,791,(215) 555-0101,1961-06-11,(215) 555-0100,ema@wingtiptoys.com,Ema,63,60+
Female,Arto Heikkinen,792,(215) 555-0101,1983-01-15,(215) 555-0100,arto@wingtiptoys.com,Arto,41,30-45
Female,Hemchandra Debnath,793,(209) 555-0101,1954-06-01,(209) 555-0100,hemchandra@wingtiptoys.com,Hemchandra,70,60+
Female,Bala Ogra,794,(209) 555-0101,1986-05-31,(209) 555-0100,bala@wingtiptoys.com,Bala,38,30-45
Female,Monika Valentova,795,(458) 555-0101,1961-12-02,(458) 555-0100,monika@wingtiptoys.com,Monika,63,60+
Female,Anuj Sonkar,796,(458) 555-0101,1983-02-16,(458) 555-0100,anuj@wingtiptoys.com,Anuj,41,30-45
Female,Dattaatraeya Tottempudi,797,(212) 555-0101,1970-08-07,(212) 555-0100,dattaatraeya@wingtiptoys.com,Dattaatraeya,54,45-60
Female,Emilia Samaniego,798,(212) 555-0101,1967-12-04,(212) 555-0100,emilia@wingtiptoys.com,Emilia,57,45-60
Female,Kahkushan Shakiba,799,(217) 555-0101,1996-06-25,(217) 555-0100,kahkushan@wingtiptoys.com,Kahkushan,28,<30
Female,Lindsey Allen,800,(217) 555-0101,1975-12-20,(217) 555-0100,lindseya@contosomotors.com,Lindsey,49,45-60
Female,Perry Skountrianos,801,(212) 555-0101,1978-10-18,(212) 555-0100,perrys@contosomotors.com,Perry,46,45-60
Female,Birol Arslan,802,(212) 555-0101,1972-07-02,(212) 555-0100,birol@wingtiptoys.com,Birol,52,45-60
Female,Abhra Thakur,803,(215) 555-0101,1989-05-31,(215) 555-0100,abhra@wingtiptoys.com,Abhra,35,30-45
Female,Uma Khalsa,804,(215) 555-0101,1968-08-08,(215) 555-0100,uma@wingtiptoys.com,Uma,56,45-60
Female,Dunja Radoncis,805,(215) 555-0101,1953-10-25,(215) 555-0100,dunja@wingtiptoys.com,Dunja,71,60+
Female,Olya Seleznyov,806,(215) 555-0101,1951-11-23,(215) 555-0100,olya@wingtiptoys.com,Olya,73,60+
Female,Darakhshan Javaherian,807,(215) 555-0101,1965-06-10,(215) 555-0100,darakhshan@wingtiptoys.com,Darakhshan,59,45-60
Female,Alexandre  L'Angelier,808,(215) 555-0101,1951-07-18,(215) 555-0100,alexandre @wingtiptoys.com,Alexandre ,73,60+
Female,Youssef Eriksson,809,(701) 555-0101,1994-09-05,(701) 555-0100,youssef@wingtiptoys.com,Youssef,30,30-45
Female,Arunima Ganguly,810,(701) 555-0101,1987-08-25,(701) 555-0100,arunima@wingtiptoys.com,Arunima,37,30-45
Female,Pavel Bohuslav,811,(505) 555-0101,1979-05-21,(505) 555-0100,pavel@wingtiptoys.com,Pavel,45,45-60
Female,Mahendra Trivedi,812,(505) 555-0101,1992-02-14,(505) 555-0100,mahendra@wingtiptoys.com,Mahendra,32,30-45
Female,Jiri Vacha,813,(209) 555-0101,1951-09-29,(209) 555-0100,jiri@wingtiptoys.com,Jiri,73,60+
Female,Constanta Dita,814,(209) 555-0101,1964-06-25,(209) 555-0100,constanta@wingtiptoys.com,Constanta,60,60+
Female,Magdalena Cervenkova,815,(405) 555-0101,1991-07-21,(405) 555-0100,magdalena@wingtiptoys.com,Magdalena,33,30-45
Female,Sylvie Panetier,816,(405) 555-0101,1996-02-20,(405) 555-0100,sylvie@wingtiptoys.com,Sylvie,28,<30
Female,Asha Mudigonda,817,(201) 555-0101,1990-08-14,(201) 555-0100,asha@wingtiptoys.com,Asha,34,30-45
Female,Jaya Benjaree,818,(201) 555-0101,1979-03-24,(201) 555-0100,jaya@wingtiptoys.com,Jaya,45,45-60
Female,Anete Kundzina,819,(239) 555-0101,1996-03-18,(239) 555-0100,anete@wingtiptoys.com,Anete,28,<30
Female,John Kane,820,(239) 555-0101,1977-02-25,(239) 555-0100,johnk@contosomotors.com,Jonny,47,45-60
Female,Laurent Bonnet,821,(210) 555-0101,1970-01-16,(210) 555-0100,laurentb@wingtiptoys.com,Laurent,54,45-60
Female,Kunal Nakhtare,822,(210) 555-0101,1966-12-29,(210) 555-0100,kunal@wingtiptoys.com,Kunal,58,45-60
Female,Duangrat Atitarn,823,(210) 555-0101,1958-02-20,(210) 555-0100,duangrat@wingtiptoys.com,Duangrat,66,60+
Female,Ella Celmina,824,(210) 555-0101,1953-07-30,(210) 555-0100,ella@wingtiptoys.com,Ella,71,60+
Female,Deviprasad Prabhupāda,825,(605) 555-0101,1968-04-17,(605) 555-0100,deviprasad@wingtiptoys.com,Deviprasad,56,45-60
Female,Tess Seegers,826,(605) 555-0101,1981-03-10,(605) 555-0100,tess@wingtiptoys.com,Tess,43,30-45
Female,Aija Lukstina,827,(252) 555-0101,1984-01-04,(252) 555-0100,aija@wingtiptoys.com,Aija,40,30-45
Female,Sanjay Cheema,828,(252) 555-0101,1955-03-27,(252) 555-0100,sanjay@wingtiptoys.com,Sanjay,69,60+
Female,Hoc Le,829,(208) 555-0101,1964-04-16,(208) 555-0100,hoc@wingtiptoys.com,Hoc,60,60+
Female,Blagoje Pavlovic,830,(208) 555-0101,1969-06-29,(208) 555-0100,blagoje@wingtiptoys.com,Blagoje,55,45-60
Female,Bhairaam Kidambi,831,(319) 555-0101,1975-11-30,(319) 555-0100,bhairaam@wingtiptoys.com,Bhairaam,49,45-60
Female,Aleksandrs Cirulis,832,(319) 555-0101,1982-03-29,(319) 555-0100,aleksandrs@wingtiptoys.com,Aleksandrs,42,30-45
Female,Jae-Hwa Shin,833,(505) 555-0101,1994-09-22,(505) 555-0100,jae-hwa@wingtiptoys.com,Jae-Hwa,30,30-45
Female,Mala Naicker,834,(505) 555-0101,1965-10-31,(505) 555-0100,mala@wingtiptoys.com,Mala,59,45-60
Female,Caterina Fallaci,835,(210) 555-0101,1988-02-21,(210) 555-0100,caterina@wingtiptoys.com,Caterina,36,30-45
Female,Brayden Macnamara,836,(210) 555-0101,1970-04-04,(210) 555-0100,brayden@wingtiptoys.com,Brayden,54,45-60
Female,Baanuraekha Voleti,837,(276) 555-0101,1989-02-16,(276) 555-0100,baanuraekha@wingtiptoys.com,Baanuraekha,35,30-45
Female,Renata Alva,838,(276) 555-0101,1981-11-25,(276) 555-0100,renata@wingtiptoys.com,Renata,43,30-45
Female,Ranjeet Haldar,839,(203) 555-0101,1996-01-19,(203) 555-0100,ranjeet@wingtiptoys.com,Ranjeet,28,<30
Female,Mandeep Desai,840,(203) 555-0101,1965-10-14,(203) 555-0100,mandeep@wingtiptoys.com,Mandeep,59,45-60
Female,Bhaamini Kanaparthi,841,(907) 555-0101,1967-08-26,(907) 555-0100,bhaamini@wingtiptoys.com,Bhaamini,57,45-60
Female,Sun-Hi Oh,842,(907) 555-0101,1965-02-15,(907) 555-0100,sun-hi@wingtiptoys.com,Sun-Hi,59,45-60
Female,Margit Molnar,843,(808) 555-0101,1961-04-03,(808) 555-0100,margit@wingtiptoys.com,Margit,63,60+
Female,Amanda Kaulina,844,(808) 555-0101,1966-09-09,(808) 555-0100,amanda@wingtiptoys.com,Amanda,58,45-60
Female,Chandni Jandhyala,845,(210) 555-0101,1977-10-08,(210) 555-0100,chandni@wingtiptoys.com,Chandni,47,45-60
Female,Verona Sykorova,846,(210) 555-0101,1972-09-29,(210) 555-0100,verona@wingtiptoys.com,Verona,52,45-60
Female,Ljubomir Nesic,847,(231) 555-0101,1978-08-22,(231) 555-0100,ljubomir@wingtiptoys.com,Ljubomir,46,45-60
Female,Jennifer Kim,848,(231) 555-0101,1968-09-06,(231) 555-0100,jenniferk@contosomotors.com,Jennifer,56,45-60
Female,Telma Hermansson,849,(240) 555-0101,1951-05-31,(240) 555-0100,telma@wingtiptoys.com,Telma,73,60+
Female,Lubomir Spousta,850,(240) 555-0101,1991-07-23,(240) 555-0100,lubomir@wingtiptoys.com,Lubomir,33,30-45
Female,Eric Torres,851,(307) 555-0101,1975-07-14,(307) 555-0100,eric@example.com,Eric,49,45-60
Female,Cosmina Vlad,852,(505) 555-0101,1973-01-20,(505) 555-0100,cosmina@example.com,Cosmina,51,45-60
Female,Bala Dixit,853,(209) 555-0101,1997-11-18,(209) 555-0100,bala@example.com,Bala,27,<30
Female,Aleksandrs Riekstins,854,(605) 555-0101,1985-04-20,(605) 555-0100,aleksandrs@example.com,Aleksandrs,39,30-45
Female,Ratan Poddar,855,(907) 555-0101,1968-02-17,(907) 555-0100,ratan@example.com,Ratan,56,45-60
Female,Shi Tu,856,(307) 555-0101,1981-08-10,(307) 555-0100,shi@example.com,Shi,43,30-45
Female,Gunnar Lohmus,857,(201) 555-0101,1963-01-15,(201) 555-0100,gunnar@example.com,Gunnar,61,60+
Female,Jackson Kolios,858,(209) 555-0101,1978-03-26,(209) 555-0100,jackson@example.com,Jackson,46,45-60
Female,Madhu Dwivedi,859,(802) 555-0101,1995-01-08,(802) 555-0100,madhu@example.com,Madhu,29,<30
Female,Alena Kellnerova,860,(303) 555-0101,1988-06-09,(303) 555-0100,alena@example.com,Alena,36,30-45
Female,Surendra Sahu,861,(210) 555-0101,1994-04-08,(210) 555-0100,surendra@example.com,Surendra,30,30-45
Female,Celica Barajas,862,(270) 555-0101,1988-03-04,(270) 555-0100,celica@example.com,Celica,36,30-45
Female,Shyam Poddar,863,(218) 555-0101,1968-12-08,(218) 555-0100,shyam@example.com,Shyam,56,45-60
Female,Johanna Hoornstra,864,(210) 555-0101,1966-12-14,(210) 555-0100,johanna@example.com,Johanna,58,45-60
Female,Libuse Valentova,865,(270) 555-0101,1968-10-23,(270) 555-0100,libuse@example.com,Libuse,56,45-60
Female,Harsha Huq,866,(314) 555-0101,1961-04-24,(314) 555-0100,harsha@example.com,Harsha,63,60+
Female,Agrita Kanepa,867,(201) 555-0101,1976-02-03,(201) 555-0100,agrita@example.com,Agrita,48,45-60
Female,Liia Orav,868,(252) 555-0101,1963-07-26,(252) 555-0100,liia@example.com,Liia,61,60+
Female,Santiago Vera,869,(304) 555-0101,1988-09-19,(304) 555-0100,santiago@example.com,Santiago,36,30-45
Female,Knut Svensson,870,(201) 555-0101,1963-09-25,(201) 555-0100,knut@example.com,Knut,61,60+
Female,Kwanjai Saowaluk,871,(787) 555-0101,1972-04-22,(787) 555-0100,kwanjai@example.com,Kwanjai,52,45-60
Female,Suparna Bhattacharya,872,(314) 555-0101,1975-05-31,(314) 555-0100,suparna@example.com,Suparna,49,45-60
Female,Francisca Laureano,873,(319) 555-0101,1998-01-09,(319) 555-0100,francisca@example.com,Francisca,26,<30
Female,Risto Valbe,874,(205) 555-0101,1990-05-04,(205) 555-0100,risto@example.com,Risto,34,30-45
Female,Jayanta Thakur,875,(276) 555-0101,1979-03-09,(276) 555-0100,jayanta@example.com,Jayanta,45,45-60
Female,Leila Carvalho,876,(217) 555-0101,1969-10-20,(217) 555-0100,leila@example.com,Leila,55,45-60
Female,Crina Grasu,877,(308) 555-0101,1966-02-11,(308) 555-0100,crina@example.com,Crina,58,45-60
Female,Sercan Celik,878,(217) 555-0101,1963-03-12,(217) 555-0100,sercan@example.com,Sercan,61,60+
Female,Jack Walker,879,(316) 555-0101,1996-05-19,(316) 555-0100,jack@example.com,Jack,28,<30
Female,Jana Fialova,880,(215) 555-0101,1978-03-31,(215) 555-0100,jana@example.com,Jana,46,45-60
Female,Bhaavan Rai,881,(308) 555-0101,1950-03-07,(308) 555-0100,bhaavan@example.com,Bhaavan,74,60+
Female,Aakriti Byrraju,882,(216) 555-0101,1951-05-26,(216) 555-0100,aakriti@example.com,Aakriti,73,60+
Female,Devraj Rao,883,(385) 555-0101,1986-01-16,(385) 555-0100,devraj@example.com,Devraj,38,30-45
Female,Cong Hoa,884,(212) 555-0101,1973-04-25,(212) 555-0100,cong@example.com,Cong,51,45-60
Female,Dominic Davignon,885,(209) 555-0101,1968-07-11,(209) 555-0100,dominic@example.com,Dominic,56,45-60
Female,Abel Spirlea,886,(218) 555-0101,1958-02-19,(218) 555-0100,abel@example.com,Abel,66,60+
Female,Anil Sarkar,887,(215) 555-0101,1966-11-02,(215) 555-0100,anil@example.com,Anil,58,45-60
Female,Steve Schmidt,888,(339) 555-0101,1975-04-07,(339) 555-0100,steves@contosomotors.com,Pavel,49,45-60
Female,Juan Morse,889,(423) 555-0101,1963-08-17,(423) 555-0100,juan@example.com,Juan,61,60+
Female,Rodrigo Figueiredo,890,(803) 555-0101,1975-04-15,(803) 555-0100,rodrigo@example.com,Rodrigo,49,45-60
Female,Camille Authier,891,(252) 555-0101,1974-04-12,(252) 555-0100,camille@example.com,Camille,50,45-60
Female,Biju Deb,892,(218) 555-0101,1957-07-12,(218) 555-0100,biju@example.com,Biju,67,60+
Female,Marija Justina Pasek,893,(215) 555-0101,1959-08-10,(215) 555-0100,marija justina@example.com,Marija Justina,65,60+
Female,Durdanah Abbasi,894,(201) 555-0101,1958-02-24,(201) 555-0100,durdanah@example.com,Durdanah,66,60+
Female,Emilie Hrdlickova,895,(803) 555-0101,1954-11-01,(803) 555-0100,emilie@example.com,Emilie,70,60+
Female,Malorie Bousquet,896,(209) 555-0101,1984-11-15,(209) 555-0100,malorie@example.com,Malorie,40,30-45
Female,Kristiina Ivanov,897,(605) 555-0101,1972-05-26,(605) 555-0100,kristiina@example.com,Kristiina,52,45-60
Female,Alvin Bollinger,898,(270) 555-0101,1984-11-21,(270) 555-0100,alvin@example.com,Alvin,40,30-45
Female,Sabine Zalite,899,(210) 555-0101,1954-12-16,(210) 555-0100,sabine@example.com,Sabine,70,60+
Female,Daakshaayaani Sankaramanchi,900,(319) 555-0101,1969-06-11,(319) 555-0100,daakshaayaani@example.com,Daakshaayaani,55,45-60
Female,Ebru Erdogan,901,(405) 555-0101,1991-11-29,(405) 555-0100,ebru@example.com,Ebru,33,30-45
Female,Bhagavaan Atluri,902,(229) 555-0101,1971-04-23,(229) 555-0100,bhagavaan@example.com,Bhagavaan,53,45-60
Female,Caterina Pinto,903,(907) 555-0101,1969-03-13,(907) 555-0100,caterina@example.com,Caterina,55,45-60
Female,Daakshaayaani Kommineni,904,(239) 555-0101,1972-09-02,(239) 555-0100,daakshaayaani@example.com,Daakshaayaani,52,45-60
Female,Anna Mazzanti,905,(314) 555-0101,1996-05-12,(314) 555-0100,anna@example.com,Anna,28,<30
Female,Satish Mittal,906,(215) 555-0101,1966-09-19,(215) 555-0100,satish@example.com,Satish,58,45-60
Female,Clarissa Manfrin,907,(210) 555-0101,1964-02-28,(210) 555-0100,clarissa@example.com,Clarissa,60,60+
Female,Bimla Prabhupāda,908,(209) 555-0101,1987-10-26,(209) 555-0100,bimla@example.com,Bimla,37,30-45
Female,Shah Alizadeh,909,(304) 555-0101,1996-08-15,(304) 555-0100,shah@example.com,Shah,28,<30
Female,Marcela Lucescu,910,(231) 555-0101,1985-05-19,(231) 555-0100,marcela@example.com,Marcela,39,30-45
Female,Amarasimha Vinjamuri,911,(339) 555-0101,1973-06-30,(339) 555-0100,amarasimha@example.com,Amarasimha,51,45-60
Female,Lana Goransson,912,(212) 555-0101,1982-05-13,(212) 555-0100,lana@example.com,Lana,42,30-45
Female,Jakub Lukes,913,(212) 555-0101,1977-08-04,(212) 555-0100,jakub@example.com,Jakub,47,45-60
Female,Mikhail Degtyarev,914,(218) 555-0101,1984-03-14,(218) 555-0100,mikhail@example.com,Mikhail,40,30-45
Female,Bijoya Thakur,915,(225) 555-0101,1978-07-23,(225) 555-0100,bijoya@example.com,Bijoya,46,45-60
Female,Jay Bhuiyan,916,(215) 555-0101,1996-01-27,(215) 555-0100,jay@example.com,Jay,28,<30
Female,Jasna Cerkez,917,(304) 555-0101,1956-05-11,(304) 555-0100,jasna@example.com,Jasna,68,60+
Female,Laura Sykorova,918,(316) 555-0101,1981-01-24,(316) 555-0100,laura@example.com,Laura,43,30-45
Female,Abel Tatarescu,919,(217) 555-0101,1970-01-27,(217) 555-0100,abel@example.com,Abel,54,45-60
Female,In-Su Bae,920,(206) 555-0101,1991-01-18,(206) 555-0100,in-su@example.com,In-Su,33,30-45
Female,Darshana Madhunapantula,921,(240) 555-0101,1984-06-07,(240) 555-0100,darshana@example.com,Darshana,40,30-45
Female,Katerina Hadrabova,922,(219) 555-0101,1984-04-30,(219) 555-0100,katerina@example.com,Katerina,40,30-45
Female,Hana Hlouskova,923,(505) 555-0101,1989-03-04,(505) 555-0100,hana@example.com,Hana,35,30-45
Female,Daniel Martensson,924,(225) 555-0101,1959-06-25,(225) 555-0100,daniel@example.com,Daniel,65,60+
Female,Philip Walker,925,(216) 555-0101,1963-05-31,(216) 555-0100,philip@example.com,Philip,61,60+
Female,Marie LeBatelier,926,(210) 555-0101,1990-05-20,(210) 555-0100,marie@example.com,Marie,34,30-45
Female,Leyla Siavashi,927,(201) 555-0101,1962-08-17,(201) 555-0100,leyla@example.com,Leyla,62,60+
Female,Miriam House,928,(701) 555-0101,1972-01-29,(701) 555-0100,miriam@example.com,Miriam,52,45-60
Female,Jitka Necesana,929,(212) 555-0101,1964-09-08,(212) 555-0100,jitka@example.com,Jitka,60,60+
Female,Edmee Glissen,930,(208) 555-0101,1979-02-08,(208) 555-0100,edmee@example.com,Edmee,45,45-60
Female,Magdalena Michnova,931,(907) 555-0101,1952-04-02,(907) 555-0100,magdalena@example.com,Magdalena,72,60+
Female,Maryann Huddleston,932,(304) 555-0101,1955-03-19,(304) 555-0100,maryann@example.com,Maryann,69,60+
Female,Radha Barua,933,(405) 555-0101,1995-08-23,(405) 555-0100,radha@example.com,Radha,29,<30
Female,Anindya Ghatak,934,(219) 555-0101,1950-09-20,(219) 555-0100,anindya@example.com,Anindya,74,60+
Female,Chandrashekhar Dasgupta,935,(208) 555-0101,1976-08-11,(208) 555-0100,chandrashekhar@example.com,Chandrashekhar,48,45-60
Female,Debbie Molina,936,(270) 555-0101,1980-03-21,(270) 555-0100,debbie@example.com,Debbie,44,30-45
Female,Baran Jonsson,937,(458) 555-0101,1996-03-18,(458) 555-0100,baran@example.com,Baran,28,<30
Female,Jai Lamble,938,(479) 555-0101,1968-04-27,(479) 555-0100,jai@example.com,Jai,56,45-60
Female,Sointu Savonheimo,939,(701) 555-0101,1967-02-07,(701) 555-0100,sointu@example.com,Sointu,57,45-60
Female,Olya Izmaylov,940,(210) 555-0101,1997-06-29,(210) 555-0100,olya@example.com,Olya,27,<30
Female,Taneli Riutta,941,(276) 555-0101,1991-03-10,(276) 555-0100,taneli@example.com,Taneli,33,30-45
Female,Bahaar Asef zade,942,(225) 555-0101,1978-08-11,(225) 555-0100,bahaar@example.com,Bahaar,46,45-60
Female,Leyla Asef zade,943,(216) 555-0101,1982-09-26,(216) 555-0100,leyla@example.com,Leyla,42,30-45
Female,Gabriela Hernandes,944,(239) 555-0101,1983-01-11,(239) 555-0100,gabriela@example.com,Gabriela,41,30-45
Female,Geza Roman,945,(215) 555-0101,1962-08-25,(215) 555-0100,geza@example.com,Geza,62,60+
Female,Leonardo Folliero,946,(339) 555-0101,1980-03-24,(339) 555-0100,leonardo@example.com,Leonardo,44,30-45
Female,Allan Mannik,947,(218) 555-0101,1983-10-22,(218) 555-0100,allan@example.com,Allan,41,30-45
Female,Gopalgobinda Sikdar,948,(307) 555-0101,1996-09-10,(307) 555-0100,gopalgobinda@example.com,Gopalgobinda,28,<30
Female,Chin-Sun Chang,949,(605) 555-0101,1953-08-02,(605) 555-0100,chin-sun@example.com,Chin-Sun,71,60+
Female,Lilli Sokk,950,(229) 555-0101,1953-08-07,(229) 555-0100,lilli@example.com,Lilli,71,60+
Female,Adrian Andreasson,951,(217) 555-0101,1957-07-17,(217) 555-0100,adrian@example.com,Adrian,67,60+
Female,Kamila Michnova,952,(210) 555-0101,1966-12-04,(210) 555-0100,kamila@example.com,Kamila,58,45-60
Female,Bing Han,953,(228) 555-0101,1986-05-12,(228) 555-0100,bing@example.com,Bing,38,30-45
Female,Olafs Rozitis,954,(316) 555-0101,1980-06-09,(316) 555-0100,olafs@example.com,Olafs,44,30-45
Female,Sara Huiting,955,(218) 555-0101,1954-11-05,(218) 555-0100,sara@example.com,Sara,70,60+
Female,Ajitaab Pakalapati,956,(209) 555-0101,1980-03-30,(209) 555-0100,ajitaab@example.com,Ajitaab,44,30-45
Female,Eugen Agafitei,957,(252) 555-0101,1989-11-12,(252) 555-0100,eugen@example.com,Eugen,35,30-45
Female,Sumati Bhat,958,(206) 555-0101,1970-07-18,(206) 555-0100,sumati@example.com,Sumati,54,45-60
Female,Dena Glissen,959,(316) 555-0101,1952-10-27,(316) 555-0100,dena@example.com,Dena,72,60+
Female,Elina Kaleja,960,(225) 555-0101,1973-11-04,(225) 555-0100,elina@example.com,Elina,51,45-60
Female,Liidia Lepp,961,(276) 555-0101,1984-03-10,(276) 555-0100,liidia@example.com,Liidia,40,30-45
Female,Volkan senturk,962,(276) 555-0101,1963-04-28,(276) 555-0100,volkan@example.com,Volkan,61,60+
Female,Violetta KlanCisar,963,(225) 555-0101,1957-05-22,(225) 555-0100,violetta@example.com,Violetta,67,60+
Female,Chandana Shasthri,964,(803) 555-0101,1997-01-26,(803) 555-0100,chandana@example.com,Chandana,27,<30
Female,Ana Florea,965,(210) 555-0101,1996-04-08,(210) 555-0100,ana@example.com,Ana,28,<30
Female,Pinja Jantunen,966,(308) 555-0101,1957-08-23,(308) 555-0100,pinja@example.com,Pinja,67,60+
Female,Pari Hosseini,967,(505) 555-0101,1971-11-15,(505) 555-0100,pari@example.com,Pari,53,45-60
Female,Isidora Morales,968,(406) 555-0101,1990-02-20,(406) 555-0100,isidora@example.com,Isidora,34,30-45
Female,Kertu Sokk,969,(212) 555-0101,1973-08-26,(212) 555-0100,kertu@example.com,Kertu,51,45-60
Female,Gayatri Gajula,970,(212) 555-0101,1959-12-28,(212) 555-0100,gayatri@example.com,Gayatri,65,60+
Female,Victoria Lacusta,971,(212) 555-0101,1987-12-04,(212) 555-0100,victoria@example.com,Victoria,37,30-45
Female,Sumati Chatterjee,972,(231) 555-0101,1989-04-12,(231) 555-0100,sumati@example.com,Sumati,35,30-45
Female,Tai Bach,973,(219) 555-0101,1959-02-25,(219) 555-0100,tai@example.com,Tai,65,60+
Female,Eva Schulteisz,974,(252) 555-0101,1951-12-27,(252) 555-0100,eva@example.com,Eva,73,60+
Female,Can ozcan,975,(215) 555-0101,1973-07-03,(215) 555-0100,can@example.com,Can,51,45-60
Female,Richard Friar,976,(339) 555-0101,1973-07-24,(339) 555-0100,richard@example.com,Richard,51,45-60
Female,Matyas Sedlar,977,(270) 555-0101,1979-02-16,(270) 555-0100,matyas@example.com,Matyas,45,45-60
Female,Arijit Bhuiyan,978,(212) 555-0101,1992-04-29,(212) 555-0100,arijit@example.com,Arijit,32,30-45
Female,Vladimir Henzl,979,(907) 555-0101,1972-08-25,(907) 555-0100,vladimir@example.com,Vladimir,52,45-60
Female,Shantanu Huq,980,(252) 555-0101,1985-10-23,(252) 555-0100,shantanu@example.com,Shantanu,39,30-45
Female,Nada Jovanovic,981,(215) 555-0101,1985-09-10,(215) 555-0100,nada@example.com,Nada,39,30-45
Female,Nicolo Cattaneo,982,(212) 555-0101,1972-05-15,(212) 555-0100,nicolo@example.com,Nicolo,52,45-60
Female,Joel Carrillo,983,(405) 555-0101,1974-04-12,(405) 555-0100,joel@example.com,Joel,50,45-60
Female,Ivan Sepulveda,984,(218) 555-0101,1987-04-10,(218) 555-0100,ivan@example.com,Ivan,37,30-45
Female,Daevasree Samavedam,985,(201) 555-0101,1962-08-14,(201) 555-0100,daevasree@example.com,Daevasree,62,60+
Female,Ludmila Smidova,986,(480) 555-0101,1973-04-21,(480) 555-0100,ludmila@example.com,Ludmila,51,45-60
Female,Manca Hrastovsek,987,(205) 555-0101,1959-10-13,(205) 555-0100,manca@example.com,Manca,65,60+
Female,Anna Gyarmathi,988,(252) 555-0101,1961-10-09,(252) 555-0100,anna@example.com,Anna,63,60+
Female,Ioana Florea,989,(339) 555-0101,1975-11-03,(339) 555-0100,ioana@example.com,Ioana,49,45-60
Female,Lorin Astrom,990,(210) 555-0101,1978-10-28,(210) 555-0100,lorin@example.com,Lorin,46,45-60
Female,Bishwa Chatterjee,991,(239) 555-0101,1960-12-13,(239) 555-0100,bishwa@example.com,Bishwa,64,60+
Female,Chaayaadaevi Sonti,992,(217) 555-0101,1954-05-29,(217) 555-0100,chaayaadaevi@example.com,Chaayaadaevi,70,60+
Female,Drazenka Jelic,993,(803) 555-0101,1955-12-17,(803) 555-0100,drazenka@example.com,Drazenka,69,60+
Female,Ida Celma,994,(319) 555-0101,1977-08-06,(319) 555-0100,ida@example.com,Ida,47,45-60
Female,Hoc Tran,995,(339) 555-0101,1965-02-13,(339) 555-0100,hoc@example.com,Hoc,59,45-60
Female,David safranek,996,(215) 555-0101,1992-02-21,(215) 555-0100,david@example.com,David,32,30-45
Female,Svetlana Todorovic,997,(206) 555-0101,1966-10-11,(206) 555-0100,svetlana@example.com,Svetlana,58,45-60
Female,Richard Zahradnicek,998,(314) 555-0101,1961-03-02,(314) 555-0100,richard@example.com,Richard,63,60+
Female,Seo-yun Paik,999,(210) 555-0101,1968-07-18,(210) 555-0100,seo-yun@example.com,Seo-yun,56,45-60
Female,Emily Whittle,1000,(231) 555-0101,1962-11-25,(231) 555-0100,emily@example.com,Emily,62,60+
